id,title,category,activity_key,lat,lng,duration,format,zone,distance,image,vivanote,shortDescription,includes,requirements,idealFor,effortLevel,weatherNote,clothingNote,importantToKnow,needsPhone,needsPeopleCount,extraAllowed,maxExtraPeople,extraRequiresApproval,extraNote,city,ambiance,environment,durationType,engagement,calma_tipo,participacion_tipo,sacudida_tipo,resolucion
Fly Colombia City Tour,Sobrevuelo panorámico de la ciudad en avión,aventura,flight_plane,4.688966068,-74.13300956,60,solo,Bogotá,Cercana,https://images.pexels.com/photos/18943828/pexels-photo-18943828.jpeg,Elegimos este sobrevuelo por la perspectiva aérea de la ciudad. Representa el recorrido urbano visto desde el aire.,Sobrevuelo panorámico de la ciudad en avión con acompañamiento para observar entorno urbano desde el aire.,Vuelo panorámico,Acompañamiento,Mayores de 12 años,Buena movilidad,paisaje,experiencia aérea,contemplación,alto,La realización depende de condiciones climáticas y puede ajustarse según indicación del operador.,Ropa cómoda,Calzado cerrado,Seguir indicaciones del instructor,Puntualidad requerida,Bogotá,relax,outdoor,media,relajado,ambiental,(vide),(vide),entorno
Club De Golf La Cima,Sesión de golf en campo de montaña,aventura,golf,4.696868871,-73.97728791,60,solo,Cundi Norte,Cercana,https://images.pexels.com/photos/9207654/pexels-photo-9207654.jpeg,Elegimos este campo por su trazado en entorno de montaña. Es un plan donde el paisaje y el juego se desarrollan de forma integrada.,Disfruta una sesión de golf en campo de montaña donde el juego se integra con el paisaje natural.,Acceso al campo,Sesión de juego,Mayores de 8 años,naturaleza,deporte,concentración,suave,Depende de condiciones climáticas.,Ropa cómoda,Calzado deportivo,Ritmo individual,Llegar puntual,TRUE,Bogotá,adrenalina,outdoor,media,relajado,ambiental,(vide),(vide),entorno
Campo de Golf Club Los Lagartos,Sesión de golf en campo profesional arbolado,aventura,golf,4.70220984,-74.08269094,60,solo,Bogotá,Cercana,https://images.pexels.com/photos/9207654/pexels-photo-9207654.jpeg,Incluimos este campo por su diseño profesional y el entorno arbolado. Representa el juego en un contexto clásico de club.,Sesión de golf en campo profesional rodeado de entorno arbolado para trabajar precisión y juego.,Acceso al campo,Sesión de juego,Mayores de 8 años,deporte,concentración,naturaleza,suave,Depende de condiciones climáticas.,Ropa cómoda,Calzado deportivo,Ritmo individual de juego,Llegar puntual,TRUE,Bogotá,adrenalina,outdoor,media,relajado,ambiental,(vide),(vide),entorno
Country Club de Bogotá,Sesión de golf en campo tradicional de club,aventura,golf,4.708775266,-74.04266122,60,solo,Bogotá,Cercana,https://images.pexels.com/photos/9207654/pexels-photo-9207654.jpeg,Valoramos este campo por su tradición y estructura de juego. Es una experiencia que refleja el golf en su formato más tradicional.,Disfruta una sesión de golf en campo tradicional de club con enfoque en técnica y recorrido.,Acceso al campo,Sesión de juego,Mayores de 8 años,deporte,tradición,concentración,suave,Depende de condiciones climáticas.,Ropa cómoda,Calzado deportivo,Ritmo individual,Puntualidad requerida,TRUE,Bogotá,adrenalina,outdoor,media,relajado,ambiental,(vide),(vide),entorno
San Andrés Golf Club,Sesión de golf en campo costero natural,aventura,golf,4.735526941,-74.21496629,60,solo,Cundi Occidente,Cercana,https://images.pexels.com/photos/9207654/pexels-photo-9207654.jpeg,Valoramos este campo por su carácter costero y entorno abierto. Representa una versión distinta del juego en relación con el paisaje.,Sesión de golf en campo natural abierto donde el juego se integra con el paisaje.,Acceso al campo,Sesión de juego,Mayores de 8 años,deporte,naturaleza,concentración,suave,Depende de condiciones climáticas.,Ropa cómoda,Calzado deportivo,Ritmo individual,Puntualidad requerida,TRUE,Bogotá,adrenalina,outdoor,media,relajado,ambiental,(vide),(vide),entorno
Carmel Club Campestre,Sesión de golf en campo campestre natural,aventura,golf,4.740943207,-74.05053494,60,solo,Bogotá,Cercana,https://images.pexels.com/photos/9207654/pexels-photo-9207654.jpeg,Incluimos este campo por su entorno natural amplio. Es un plan de golf en contexto campestre tradicional.,Sesión de golf en campo campestre natural donde el juego se desarrolla en entorno abierto.,Acceso al campo,Sesión de juego,Mayores de 8 años,deporte,naturaleza,concentración,suave,Depende de condiciones climáticas.,Ropa cómoda,Calzado deportivo,Ritmo individual de juego,Puntualidad requerida,TRUE,Bogotá,adrenalina,outdoor,media,relajado,ambiental,(vide),(vide),entorno
Pueblo Viejo Country Club,Sesión de golf en campo clásico arbolado,aventura,golf,4.799831966,-74.09494591,60,solo,Cundi Norte,Cercana,https://images.pexels.com/photos/9207654/pexels-photo-9207654.jpeg,Elegimos este campo por su trazado clásico y entorno arbolado. Representa el juego en un contexto tradicional de club.,Sesión de golf en campo clásico arbolado con enfoque en técnica y recorrido.,Acceso al campo,Sesión de juego,Mayores de 8 años,deporte,tradición,concentración,suave,Depende de condiciones climáticas.,Ropa cómoda,Calzado deportivo,Ritmo individual,Llegar puntual,TRUE,Bogotá,adrenalina,outdoor,media,relajado,ambiental,(vide),(vide),entorno
Club Campestre Guaymaral,Sesión de golf en campo campestre amplio,aventura,golf,4.826364844,-74.04560181,60,solo,Bogotá,Cercana,https://images.pexels.com/photos/9207654/pexels-photo-9207654.jpeg,Elegimos este campo por su amplitud y entorno campestre. Es un plan de golf en paisaje abierto.,Sesión de golf en campo campestre amplio donde el juego se integra con el paisaje abierto.,Acceso al campo,Sesión de juego,Mayores de 8 años,deporte,naturaleza,concentración,suave,Depende de condiciones climáticas.,Ropa cómoda,Calzado deportivo,Ritmo individual,Llegar puntual,TRUE,Bogotá,adrenalina,indoor,media,relajado,ambiental,(vide),(vide),entorno
Golf san jacinto,Sesión de golf en campo abierto natural,aventura,golf,4.84193132,-74.03697994,60,solo,Cundi Norte,Cercana,https://images.pexels.com/photos/9207654/pexels-photo-9207654.jpeg,Valoramos este campo por su entorno natural abierto. Es un plan de juego en paisaje despejado.,Sesión de golf en campo abierto natural para disfrutar el juego en entorno despejado.,Acceso al campo,Sesión de juego,Mayores de 8 años,deporte,naturaleza,concentración,suave,Depende de condiciones climáticas.,Ropa cómoda,Calzado deportivo,Ritmo individual,Puntualidad requerida,TRUE,Bogotá,adrenalina,outdoor,media,relajado,ambiental,(vide),(vide),entorno
Club El Rincón de Cajicá,Sesión de golf en campo natural ondulado,aventura,golf,4.895434865,-74.01728641,60,solo,Cundi Norte,Cercana,https://images.pexels.com/photos/9207654/pexels-photo-9207654.jpeg,Elegimos este campo por su trazado ondulado y entorno natural. Representa el juego con variación de terreno.,Sesión de golf en campo natural ondulado donde el recorrido integra variaciones de terreno.,Acceso al campo,Sesión de juego,Mayores de 8 años,deporte,naturaleza,concentración,suave,Depende de condiciones climáticas.,Ropa cómoda,Calzado deportivo,Ritmo individual de juego,Puntualidad requerida,TRUE,Bogotá,adrenalina,outdoor,media,relajado,ambiental,(vide),(vide),entorno
Campo de Golf Briceño 18,Sesión de golf en campo de 18 hoyos,aventura,golf,4.938032806,-73.9656295,60,solo,Cundi Norte,Cercana,https://images.pexels.com/photos/9207654/pexels-photo-9207654.jpeg,Incluimos este campo por su formato completo de 18 hoyos. Es un plan de juego en recorrido amplio.,Sesión de golf en campo de 18 hoyos para disfrutar recorrido completo en entorno natural.,Acceso al campo,Sesión de juego,Mayores de 8 años,deporte,concentración,naturaleza,suave,Depende de condiciones climáticas.,Ropa cómoda,Calzado deportivo,Ritmo individual,Llegar puntual,TRUE,Bogotá,adrenalina,outdoor,media,relajado,ambiental,(vide),(vide),entorno
Bosque Residencial Golf Course,Sesión de golf en campo rodeado de bosque,aventura,golf,4.963000308,-74.01532608,60,solo,Cundi Norte,Cercana,https://images.pexels.com/photos/9207654/pexels-photo-9207654.jpeg,Elegimos este campo por su entorno rodeado de bosque. Representa el juego en contacto directo con la naturaleza.,Sesión de golf en campo rodeado de bosque para jugar en contacto directo con la naturaleza.,Acceso al campo,Sesión de juego,Mayores de 8 años,deporte,naturaleza,concentración,suave,Depende de condiciones climáticas.,Ropa cómoda,Calzado deportivo,Ritmo individual,Puntualidad requerida,TRUE,Bogotá,adrenalina,outdoor,media,relajado,ambiental,(vide),(vide),entorno
Club Campestre La Sabana,Sesión de golf en campo amplio de sabana,aventura,golf,4.990996912,-73.97115067,60,solo,Cundi Norte,Cercana,https://images.pexels.com/photos/9207654/pexels-photo-9207654.jpeg,Valoramos este campo por su amplitud en paisaje de sabana. Representa el golf en terreno abierto.,Sesión de golf en campo amplio de sabana donde el juego se desarrolla en paisaje abierto.,Acceso al campo,Sesión de juego,Mayores de 8 años,deporte,naturaleza,concentración,suave,Depende de condiciones climáticas.,Ropa cómoda,Calzado deportivo,Ritmo individual,Puntualidad requerida,TRUE,Bogotá,adrenalina,outdoor,media,relajado,ambiental,(vide),(vide),entorno
Parque Natural Chicaque,Senderismo ecológico en bosque de niebla,aventura,hiking,4.60640796,-74.30479662,60,solo,Cundi Occidente,Cercana,https://images.pexels.com/photos/3076431/pexels-photo-3076431.jpeg,Nos gusta esta reserva por su bosque de niebla y los senderos que permiten una inmersión progresiva en el entorno natural. Representa muy bien el tipo de plan donde el camino es tan importante como el destino.,Senderismo ecológico en bosque de niebla con inmersión progresiva en entorno natural protegido.,Ingreso al parque | Senderos señalizados,Buena movilidad | Mayores de 8 años,naturaleza | caminata | desconexión,medio,La realización depende de condiciones climáticas y puede ajustarse según indicación del operador.,Ropa cómoda | Chaqueta ligera impermeable,Caminata en terreno natural | Posibles pendientes | Llegar con tiempo,TRUE,TRUE,TRUE,2,TRUE,Podemos consultar disponibilidad adicional,Bogotá,adrenalina,outdoor,media,relajado,ambiental,(vide),(vide),entorno
Green Glamping Chipaque Cundinamarca,Noche de glamping en entorno de montaña,aventura,paragliding,4.450032978,-73.98164489,60,duo,Cundi Oriente,Cercana,https://images.pexels.com/photos/33412090/pexels-photo-33412090.jpeg,"Elegimos esta estadía por su entorno de montaña y la forma en que propone una pausa real lejos del ritmo urbano. La experiencia combina naturaleza y comodidad de manera equilibrada, dentro de un paisaje que invita a desconectar sin complicaciones.","Vive una noche de glamping en entorno de montaña, pensada para desconectar y disfrutar la naturaleza con comodidad.",Noche de glamping | Alojamiento equipado,Mayores de 8 años,pareja | descanso | naturaleza,medio,La realización depende de condiciones climáticas y puede ajustarse según indicación del operador.,Ropa cómoda | Abrigo para clima frío,Llegar antes del anochecer | Experiencia en entorno natural | Señal limitada,TRUE,TRUE,TRUE,2,TRUE,Podemos ayudarte a gestionar personas adicionales según disponibilidad,Bogotá,adrenalina,outdoor,media,relajado,ambiental,(vide),(vide),entorno
Reserva Botánica Choachí,Caminata ecológica + descanso en naturaleza,bienestar,hiking,4.532400367,-73.93625601,60,solo,Cundi Oriente,Cercana,https://images.pexels.com/photos/3076431/pexels-photo-3076431.jpeg,Nos gusta esta experiencia por la caminata suave en un entorno natural conservado. Es un plan que une recorrido y descanso en medio del paisaje.,Caminata ecológica en reserva natural combinada con espacios de descanso al aire libre.,Ingreso a reserva,Recorrido natural,Buena movilidad,Mayores de 8 años,naturaleza,caminata,desconexión,medio,Depende de condiciones climáticas.,Ropa cómoda,Calzado con agarre,Actividad en entorno natural,Puntualidad requerida,Bogotá,relax,outdoor,media,relajado,ambiental,(vide),(vide),entorno
Awa Casa de Río,Ritual de bienestar en entorno natural junto al río,bienestar,meditation,4.619323717,-73.89293435,60,duo,Cundi Norte,Cercana,https://www.pexels.com/fr-fr/photo/gens-personnes-individus-yoga-5890302/,Valoramos este espacio por la cercanía al río y el entorno natural que acompaña el bienestar. Representa una experiencia donde paisaje y cuidado corporal se integran.,Ritual de bienestar en entorno natural junto al río con enfoque en descanso y conexión.,Sesión de bienestar,Espacio natural,Mayores de 12 años,naturaleza,desconexión,relajación,suave,Depende de condiciones del entorno.,Ropa cómoda,Abrigo ligero,Ambiente de tranquilidad,TRUE,TRUE,Bogotá,relax,indoor,media,relajado,ambiental,(vide),(vide),entorno
Boscaje – Solarpunk Habitat & Spa,Ritual de spa ecológico en hábitat natural,bienestar,spa,4.661236146,-74.40982521,60,solo,Cundi Sur,Cercana,https://images.pexels.com/photos/23916836/pexels-photo-23916836.png,Elegimos este spa por su integración con un hábitat natural y enfoque ecológico. Es una experiencia donde entorno y cuidado corporal se conectan.,Ritual de spa ecológico en hábitat natural enfocado en relajación y conexión con el entorno.,Acceso a spa,Ritual corporal,Mayores de 12 años,bienestar,naturaleza,desconexión,suave,Depende de condiciones del entorno.,Ropa cómoda,Abrigo ligero,Ambiente de tranquilidad,Llegar puntual,TRUE,Bogotá,relax,indoor,media,relajado,ambiental,(vide),(vide),entorno
CAMPER HOUSE,Noche en camper equipado en entorno natural,estancias,caravan,4.978120745,-74.06766583,60,duo,Cundi Norte,Cercana,https://images.pexels.com/photos/7163689/pexels-photo-7163689.jpeg,Incluimos este plan por la experiencia de dormir en camper equipado. Representa la movilidad como forma de estadía.,Noche en camper equipado en entorno natural para experiencia de descanso móvil.,Noche de alojamiento,Camper equipado,Mayores de 8 años,descanso,naturaleza,experiencia,medio,Depende de condiciones climáticas.,Ropa cómoda,Abrigo ligero,Entorno natural,TRUE,TRUE,Cundi Norte,"romántico,relax",outdoor,larga,relajado,ambiental,(vide),(vide),entorno
Almazewá,Noche en eco-refugio rodeado de naturaleza,estancias,eco_lodge,4.497276229,-73.93397208,60,duo,Cundi Oriente,Cercana,https://images.pexels.com/photos/35072710/pexels-photo-35072710.jpeg,Elegimos este eco-refugio por la integración directa con la naturaleza circundante. Es una experiencia de estadía centrada en el entorno.,Noche en eco-refugio rodeado de naturaleza para descanso en entorno aislado.,Noche de alojamiento,Espacio natural,Mayores de 8 años,descanso,naturaleza,desconexión,medio,Depende de condiciones climáticas.,Ropa cómoda,Abrigo ligero,Señal limitada,TRUE,TRUE,Cundi Oriente,relax,outdoor,larga,relajado,ambiental,(vide),(vide),entorno
REFUGIO EXPLORA VERDE,Estadía en refugio ecológico con entorno natural,estancias,eco_lodge,4.505983979,-73.92028352,60,duo,Cundi Oriente,Cercana,https://images.pexels.com/photos/35072710/pexels-photo-35072710.jpeg,Valoramos este refugio por su propuesta ecológica en paisaje natural. Representa una pausa de descanso en contacto con el entorno.,Estadía en refugio ecológico con entorno natural pensado para desconexión.,Noche de alojamiento,Espacio natural,Mayores de 8 años,descanso,naturaleza,desconexión,medio,Depende de condiciones climáticas.,Ropa cómoda,Abrigo ligero,Llegar antes del anochecer,TRUE,TRUE,Cundi Oriente,relax,outdoor,larga,relajado,ambiental,(vide),(vide),entorno
Skale Peregrino (Ecolodge),Noche en ecolodge rodeado de paisaje montañoso,estancias,eco_lodge,4.508478782,-73.90485235,60,duo,Cundi Oriente,Cercana,https://images.pexels.com/photos/35072710/pexels-photo-35072710.jpeg,Seleccionamos este ecolodge por su ubicación en paisaje montañoso. Es un plan donde la estadía se vive desde la cercanía con la montaña.,Noche en ecolodge rodeado de paisaje montañoso para descansar en entorno natural.,Noche de alojamiento,Espacio natural,Mayores de 8 años,descanso,naturaleza,desconexión,medio,Depende de condiciones climáticas.,Ropa cómoda,Abrigo ligero,Señal limitada,TRUE,TRUE,Cundi Oriente,relax,outdoor,larga,relajado,ambiental,(vide),(vide),entorno
Chalets HUITACA,Noche en chalet de montaña con vista natural,estancias,eco_lodge,4.526358807,-73.91857311,60,duo,Cundi Oriente,Cercana,https://images.pexels.com/photos/35072710/pexels-photo-35072710.jpeg,Incluimos este chalet por la vista natural que acompaña la noche. Representa el descanso en arquitectura pensada para el entorno.,Noche en chalet de montaña con vista natural para disfrutar entorno abierto.,Noche de alojamiento,Chalet equipado,Mayores de 8 años,descanso,naturaleza,desconexión,medio,Depende de condiciones climáticas.,Ropa cómoda,Abrigo para clima frío,Llegar antes del anochecer,TRUE,TRUE,Cundi Oriente,"romántico,relax",outdoor,larga,relajado,ambiental,(vide),(vide),entorno
La Cabaña en el Guadual,Noche en cabaña rodeada de bosque de guadua,estancias,eco_lodge,4.603439166,-74.3525615,60,duo,Cundi Sur,Cercana,https://images.pexels.com/photos/35072710/pexels-photo-35072710.jpeg,Seleccionamos esta cabaña por el bosque de guadua que la rodea. Representa una noche en contacto directo con la vegetación local.,Noche en cabaña rodeada de bosque de guadua para descanso en entorno natural.,Noche de alojamiento,Cabaña equipada,Mayores de 8 años,descanso,naturaleza,desconexión,suave,Depende de condiciones del entorno.,Ropa cómoda,Abrigo ligero,Señal limitada,TRUE,TRUE,Cundi Sur,relax,outdoor,larga,relajado,ambiental,(vide),(vide),entorno
La Guarida Eco‑Posada,Noche en eco-posada rodeada de naturaleza,estancias,eco_lodge,4.613489032,-74.39353233,60,duo,Cundi Sur,Cercana,https://images.pexels.com/photos/35072710/pexels-photo-35072710.jpeg,Incluimos esta eco-posada por su relación directa con la naturaleza circundante. Representa el descanso en formato sencillo y natural.,Noche en eco-posada rodeada de naturaleza pensada para descanso y conexión natural.,Noche de alojamiento,Habitación equipada,Mayores de 8 años,descanso,naturaleza,desconexión,suave,Depende de condiciones del entorno.,Ropa cómoda,Abrigo ligero,Ambiente tranquilo,TRUE,TRUE,Cundi Norte,relax,outdoor,larga,relajado,ambiental,(vide),(vide),entorno
La Gloria Reserva Forestal,Estadía en reserva forestal con senderos naturales,estancias,eco_lodge,4.66936252,-73.92236034,60,duo,Cundi Norte,Cercana,https://www.pexels.com/fr-fr/photo/detente-relaxation-chaises-terrasse-19473921/,Elegimos esta reserva por los senderos y el entorno forestal que acompañan la estadía. Es una experiencia donde el paisaje es protagonista.,Estadía en reserva forestal con senderos naturales para desconectar en entorno verde.,Noche de alojamiento,Acceso a senderos,Mayores de 8 años,naturaleza,descanso,desconexión,medio,Depende de condiciones climáticas.,Ropa cómoda,Calzado con agarre,Entorno natural,TRUE,TRUE,Cundi Sur,relax,outdoor,larga,relajado,ambiental,(vide),(vide),entorno
Rancho Ecoturístico El Faro,Estadía ecoturística en entorno natural costero,estancias,eco_lodge,4.673636595,-74.40087778,60,duo,Cundi Sur,Cercana,https://www.pexels.com/fr-fr/photo/detente-relaxation-chaises-terrasse-19473921/,Seleccionamos este rancho por su entorno natural cercano a la costa. Representa la estadía desde una propuesta ecoturística.,Estadía ecoturística en entorno natural costero para descanso cerca del paisaje abierto.,Noche de alojamiento,Espacio natural,Mayores de 8 años,descanso,naturaleza,desconexión,suave,Depende de condiciones climáticas.,Ropa cómoda,Protección solar,Entorno abierto,TRUE,TRUE,Cundi Norte,relax,outdoor,larga,relajado,ambiental,(vide),(vide),entorno
CABAÑAS EL ABUELO,Noche en cabaña campestre en entorno rural,estancias,eco_lodge,4.736667409,-73.91698232,60,duo,Cundi Norte,Cercana,https://www.pexels.com/fr-fr/photo/detente-relaxation-chaises-terrasse-19473921/,Valoramos estas cabañas por su carácter campestre en entorno rural. Es un plan de noche ligado a la vida de campo.,Noche en cabaña campestre en entorno rural para descanso en paisaje abierto.,Noche de alojamiento,Cabaña equipada,Mayores de 8 años,descanso,naturaleza,desconexión,suave,Depende de condiciones del entorno.,Ropa cómoda,Abrigo ligero,Llegar antes del anochecer,TRUE,TRUE,Cundi Norte,"romántico,relax",outdoor,larga,relajado,ambiental,(vide),(vide),entorno
Las Golondrinas - Cabañas - Hotel Boutique,Estadía en cabaña boutique rodeada de naturaleza,estancias,eco_lodge,4.983186006,-74.06346831,60,duo,Cundi Norte,Cercana,https://www.pexels.com/fr-fr/photo/detente-relaxation-chaises-terrasse-19473921/,Elegimos estas cabañas boutique por su integración con la naturaleza. Es una estadía donde diseño y entorno se equilibran.,Estadía en cabaña boutique rodeada de naturaleza para descanso en ambiente cuidado.,Noche de alojamiento,Cabaña equipada,Mayores de 8 años,descanso,naturaleza,desconexión,suave,Depende de condiciones del entorno.,Ropa cómoda,Abrigo ligero,Llegar antes del anochecer,TRUE,TRUE,Cundi Norte,relax,outdoor,larga,relajado,ambiental,(vide),(vide),entorno
Yurta de Campo,Noche en yurta campestre en entorno natural,estancias,eco_lodge,4.986018689,-74.06000236,60,duo,Cundi Norte,Cercana,https://images.pexels.com/photos/13539139/pexels-photo-13539139.jpeg,Seleccionamos esta yurta por su formato de alojamiento distinto en entorno natural. Representa la noche en estructura no convencional.,Noche en yurta campestre en entorno natural para experiencia diferente de alojamiento.,Noche de alojamiento,Yurta equipada,Mayores de 8 años,naturaleza,descanso,experiencia,medio,Depende de condiciones climáticas.,Ropa cómoda,Abrigo para clima frío,Entorno natural,TRUE,TRUE,Cundi Norte,relax,outdoor,larga,relajado,ambiental,(vide),(vide),entorno
Guacandas,Estadía en eco-refugio rodeado de bosque,estancias,eco_lodge,5.102517229,-73.78510015,60,duo,Cundi Norte,Cercana,https://images.pexels.com/photos/13539139/pexels-photo-13539139.jpeg,Elegimos este eco-refugio por su ubicación dentro de bosque. Es una estadía donde el entorno natural es constante.,Estadía en eco-refugio rodeado de bosque para descanso en entorno verde.,Noche de alojamiento,Espacio natural,Mayores de 8 años,descanso,naturaleza,desconexión,suave,Depende de condiciones del entorno.,Ropa cómoda,Abrigo ligero,Entorno natural,TRUE,TRUE,Cundi Norte,relax,outdoor,larga,relajado,ambiental,(vide),(vide),entorno
Refugios de Alta Güita,Noche en refugio de montaña rodeado de naturaleza,estancias,eco_lodge,5.11352224,-73.78129868,60,duo,Cundi Norte,Cercana,https://images.pexels.com/photos/13539139/pexels-photo-13539139.jpeg,Valoramos estos refugios por su ubicación en zona de montaña. Es una experiencia de estadía centrada en el paisaje natural.,Noche en refugio de montaña rodeado de naturaleza para descanso en altura.,Noche de alojamiento,Refugio equipado,Mayores de 8 años,naturaleza,descanso,desconexión,medio,Depende de condiciones climáticas.,Ropa cómoda,Abrigo para clima frío,Llegar antes del anochecer,TRUE,TRUE,Cundi Norte,"romántico,relax",outdoor,larga,relajado,ambiental,(vide),(vide),entorno
Casa Kolibri,Noche en casa ecológica rodeada de naturaleza,estancias,eco_lodge,5.195691769,-74.19319743,60,duo,Cundi Norte,Lejana,https://images.pexels.com/photos/13539139/pexels-photo-13539139.jpeg,Valoramos esta casa por su propuesta ecológica en entorno natural. Es una estadía donde descanso y naturaleza se integran.,Noche en casa ecológica rodeada de naturaleza para descanso en entorno natural.,Noche de alojamiento,Espacio natural,Mayores de 8 años,descanso,naturaleza,desconexión,suave,Depende de condiciones del entorno.,Ropa cómoda,Abrigo ligero,Llegar antes del anochecer,TRUE,TRUE,Cundi Norte,romántico,indoor,media,relajado,ambiental,(vide),(vide),entorno
Prana Hills Glamping,Noche de glamping en colinas naturales,estancias,glamping,4.270995095,-74.42923351,60,duo,Cundi Sur,Cercana,https://www.pexels.com/fr-fr/photo/arbres-plantes-centrales-camping-8692501/,Seleccionamos esta noche por el entorno de colinas que acompaña la estadía. Es un plan de descanso donde el paisaje abierto marca el ritmo.,Noche de glamping en colinas naturales para desconectar en entorno abierto.,Noche de glamping,Alojamiento equipado,Mayores de 8 años,descanso,naturaleza,desconexión,medio,Depende de condiciones climáticas.,Ropa cómoda,Abrigo para clima frío,Llegar antes del anochecer,TRUE,TRUE,Cundi Sur,"romántico,relax",outdoor,larga,relajado,ambiental,(vide),(vide),entorno
Glamping Corazón del Molino,Noche de glamping en entorno rural histórico,estancias,glamping,4.47833763,-73.91049252,60,duo,Cundi Oriente,Cercana,https://www.pexels.com/fr-fr/photo/arbres-plantes-centrales-camping-8692501/,Incluimos esta estadía por su entorno rural con carácter histórico. Representa el descanso en un espacio con identidad propia.,Noche de glamping en entorno rural histórico para disfrutar descanso en naturaleza.,Noche de glamping,Alojamiento equipado,Mayores de 8 años,descanso,naturaleza,desconexión,medio,Depende de condiciones climáticas.,Ropa cómoda,Abrigo ligero,Llegar antes del anochecer,TRUE,TRUE,Cundi Oriente,"romántico,relax",outdoor,larga,relajado,ambiental,(vide),(vide),entorno
Colombia Mountain Tours Glamping,Noche de glamping en entorno de montaña,estancias,glamping,4.559562697,-73.94292313,60,duo,Cundi Oriente,Cercana,https://www.pexels.com/fr-fr/photo/arbres-plantes-centrales-camping-8692501/,Elegimos esta experiencia por el formato de glamping en entorno de montaña. Es una estadía que combina naturaleza y comodidad básica.,Noche de glamping en entorno de montaña para desconectar en naturaleza.,Noche de glamping,Alojamiento equipado,Mayores de 8 años,descanso,naturaleza,desconexión,medio,Depende de condiciones climáticas.,Ropa cómoda,Abrigo ligero,Señal limitada,TRUE,TRUE,Cundi Oriente,"romántico,relax",outdoor,larga,relajado,ambiental,(vide),(vide),entorno
Pandora Glamping,Noche de glamping en entorno natural aislado,estancias,glamping,4.568132168,-74.42951034,60,duo,Cundi Sur,Cercana,https://www.pexels.com/fr-fr/photo/arbres-plantes-centrales-camping-8692501/,Seleccionamos este glamping por su sensación de aislamiento en entorno natural. Representa una pausa lejos del movimiento urbano.,Noche de glamping en entorno natural aislado para descanso en paisaje abierto.,Noche de glamping,Alojamiento equipado,Mayores de 8 años,descanso,naturaleza,desconexión,medio,Depende de condiciones climáticas.,Ropa cómoda,Abrigo ligero,Llegar antes del anochecer,TRUE,TRUE,Cundi Sur,"romántico,relax",outdoor,larga,relajado,ambiental,(vide),(vide),entorno
La Julita Glamping,Noche de glamping en entorno natural tranquilo,estancias,glamping,4.698964234,-74.41101977,60,duo,Cundi Sur,Cercana,https://www.pexels.com/fr-fr/photo/arbres-plantes-centrales-camping-8692501/,Incluimos este glamping por su ubicación en paisaje natural sereno. Representa una pausa corta en entorno abierto.,Noche de glamping en entorno natural tranquilo para desconectar al aire libre.,Noche de glamping,Alojamiento equipado,Mayores de 8 años,descanso,naturaleza,desconexión,medio,Depende de condiciones climáticas.,Ropa cómoda,Abrigo para clima frío,Llegar antes del anochecer,TRUE,TRUE,Cundi Occidente,"romántico,relax",indoor,larga,relajado,ambiental,(vide),(vide),entorno
GLAMPING AND CAMPING EL NODO,Noche de camping o glamping en naturaleza,estancias,glamping,4.833813399,-74.1339586,60,duo,Cundi Norte,Cercana,https://images.pexels.com/photos/9666094/pexels-photo-9666094.jpeg,Incluimos este lugar por la opción de camping o glamping en naturaleza. Representa una experiencia flexible en entorno natural.,Noche de camping o glamping en naturaleza para vivir experiencia al aire libre.,Noche de alojamiento,Espacio natural,Mayores de 8 años,naturaleza,descanso,experiencia exterior,medio,Depende de condiciones climáticas.,Ropa cómoda,Abrigo para clima frío,Entorno natural,TRUE,TRUE,Cundi Norte,relax,outdoor,larga,relajado,ambiental,(vide),(vide),entorno
Mauna Glamping,Noche de glamping en entorno natural abierto,estancias,glamping,4.835548721,-74.11996112,60,duo,Cundi Norte,Cercana,https://images.pexels.com/photos/9666094/pexels-photo-9666094.jpeg,Elegimos este glamping por su apertura hacia el paisaje natural. Es una estadía donde el exterior hace parte del plan.,Noche de glamping en entorno natural abierto para desconectar en paisaje amplio.,Noche de glamping,Alojamiento equipado,Mayores de 8 años,descanso,naturaleza,desconexión,medio,Depende de condiciones climáticas.,Ropa cómoda,Abrigo ligero,Llegar antes del anochecer,TRUE,TRUE,Cundi Occidente,"romántico,relax",outdoor,larga,relajado,ambiental,(vide),(vide),entorno
Glamping Santuario,Noche de glamping en santuario natural,estancias,glamping,4.893460467,-74.17805013,60,duo,Cundi Occidente,Cercana,https://images.pexels.com/photos/9666094/pexels-photo-9666094.jpeg,Valoramos este glamping por su ubicación en un santuario natural. Es una experiencia de noche en entorno conservado.,Noche de glamping en santuario natural para descanso en entorno protegido.,Noche de glamping,Alojamiento equipado,Mayores de 8 años,descanso,naturaleza,desconexión,medio,Depende de condiciones climáticas.,Ropa cómoda,Abrigo ligero,Entorno natural,TRUE,TRUE,Cundi Norte,relax,indoor,larga,relajado,ambiental,(vide),(vide),entorno
Aika Reserva Glamping,Noche de glamping en reserva natural privada,estancias,glamping,4.968712382,-74.08682151,60,duo,Cundi Norte,Cercana,https://images.pexels.com/photos/9666094/pexels-photo-9666094.jpeg,Valoramos este glamping por estar dentro de una reserva natural privada. Es una noche pensada para la cercanía con el entorno.,Noche de glamping en reserva natural privada para descansar rodeado de paisaje.,Noche de glamping,Alojamiento equipado,Mayores de 8 años,descanso,naturaleza,desconexión,medio,Depende de condiciones climáticas.,Ropa cómoda,Abrigo ligero,Llegar antes del anochecer,TRUE,TRUE,Cundi Norte,relax,outdoor,larga,relajado,ambiental,(vide),(vide),entorno
7magos Suesca,Noche en domo o refugio en paisaje rocoso,estancias,glamping,5.108860394,-73.76554252,60,duo,Cundi Norte,Cercana,https://images.pexels.com/photos/9666094/pexels-photo-9666094.jpeg,Seleccionamos este domo por su relación con el paisaje rocoso de la zona. Representa una noche en entorno geográfico particular.,Noche en domo o refugio en paisaje rocoso para experiencia de naturaleza abierta.,Noche de alojamiento,Domo equipado,Mayores de 8 años,naturaleza,descanso,experiencia,medio,Depende de condiciones climáticas.,Ropa cómoda,Abrigo para clima frío,Entorno natural,TRUE,TRUE,Cundi Norte,relax,outdoor,larga,relajado,ambiental,(vide),(vide),entorno
Hotel Tsia Bie,Estadía en hotel rural con entorno natural,estancias,hotel_stay,4.583759058,-73.93253706,60,duo,Cundi Oriente,Cercana,https://images.pexels.com/photos/1001965/pexels-photo-1001965.jpeg,Incluimos este hotel por su ubicación en entorno natural. Representa la estadía rural como forma de desconexión.,Estadía en hotel rural rodeado de entorno natural para desconectar del ritmo urbano.,Noche de alojamiento,Habitación equipada,Mayores de 8 años,descanso,naturaleza,desconexión,suave,Depende de condiciones del entorno.,Ropa cómoda,Abrigo ligero,Señal limitada,TRUE,TRUE,Cundi Oriente,relax,indoor,larga,relajado,ambiental,(vide),(vide),entorno
Hotel Finca San José,Estadía rural en finca tradicional campestre,estancias,hotel_stay,4.608582203,-74.36583288,60,duo,Cundi Sur,Cercana,https://images.pexels.com/photos/1001965/pexels-photo-1001965.jpeg,Valoramos esta finca por su carácter campestre tradicional. Es un plan de estadía ligado a la vida rural.,Estadía rural en finca tradicional campestre para disfrutar entorno abierto.,Noche de alojamiento,Habitación rural,Mayores de 8 años,descanso,naturaleza,desconexión,suave,Depende de condiciones del entorno.,Ropa cómoda,Abrigo ligero,Llegar antes del anochecer,TRUE,TRUE,Cundi Sur,relax,outdoor,larga,relajado,ambiental,(vide),(vide),entorno
Hostal San Rafael,Estadía tranquila en hostal rodeado de naturaleza,estancias,hotel_stay,4.679598474,-74.00252724,60,duo,Cundi Norte,Cercana,https://images.pexels.com/photos/1001965/pexels-photo-1001965.jpeg,Valoramos este hostal por su ambiente tranquilo en medio de la naturaleza. Es un plan de descanso sencillo y cercano al entorno.,Estadía tranquila en hostal rodeado de naturaleza para descanso sencillo.,Noche de alojamiento,Habitación básica,Mayores de 8 años,descanso,naturaleza,desconexión,suave,Depende de condiciones del entorno.,Ropa cómoda,Abrigo ligero,Ambiente tranquilo,TRUE,TRUE,Cundi Sur,"romántico,relax",outdoor,larga,relajado,ambiental,(vide),(vide),entorno
La Palma y el Tucán Hotel,Estadía en hotel rodeado de bosque y aves,estancias,hotel_stay,4.717540593,-74.40938327,60,duo,Cundi Occidente,Cercana,https://images.pexels.com/photos/1001965/pexels-photo-1001965.jpeg,Elegimos este hotel por la presencia de bosque y observación de aves. Es una estadía que conecta descanso y naturaleza.,Estadía en hotel rodeado de bosque y aves para descansar en entorno natural.,Noche de alojamiento,Habitación equipada,Mayores de 8 años,naturaleza,descanso,observación,suave,Depende de condiciones del entorno.,Ropa cómoda,Abrigo ligero,Entorno natural,TRUE,TRUE,Cundi Norte,relax,indoor,larga,relajado,ambiental,(vide),(vide),entorno
Finca San Gregorio,Estadía en finca campestre con entorno natural,estancias,hotel_stay,4.942996819,-73.90802201,60,duo,Cundi Norte,Cercana,https://images.pexels.com/photos/1001965/pexels-photo-1001965.jpeg,Seleccionamos esta finca por su entorno campestre amplio. Representa el descanso en paisaje rural.,Estadía en finca campestre con entorno natural para disfrutar descanso al aire libre.,Noche de alojamiento,Espacio natural,Mayores de 8 años,descanso,naturaleza,desconexión,suave,Depende de condiciones del entorno.,Ropa cómoda,Abrigo ligero,Entorno natural,TRUE,TRUE,Cundi Norte,relax,outdoor,larga,relajado,ambiental,(vide),(vide),entorno
Finca Agrreste,Estadía rural en finca rodeada de paisajes verdes,estancias,hotel_stay,5.076692495,-73.86069394,60,duo,Cundi Norte,Cercana,https://images.pexels.com/photos/1001965/pexels-photo-1001965.jpeg,Valoramos esta finca por el paisaje verde que la rodea. Es un plan de estadía ligado al campo abierto.,Estadía rural en finca rodeada de paisajes verdes para descanso en entorno abierto.,Noche de alojamiento,Espacio natural,Mayores de 8 años,descanso,naturaleza,desconexión,suave,Depende de condiciones del entorno.,Ropa cómoda,Abrigo ligero,Ambiente tranquilo,TRUE,TRUE,Cundi Norte,relax,outdoor,larga,relajado,ambiental,(vide),(vide),entorno
La Montaña,Parrilla y cocina de montaña tradicional,gastro,bbq,4.528604623,-73.92210823,60,duo,Cundi Oriente,Cercana,https://images.pexels.com/photos/12261087/pexels-photo-12261087.jpeg,Elegimos este lugar por su cocina de montaña y preparaciones a la parrilla. Representa un estilo gastronómico ligado al entorno y al fuego.,Parrilla y cocina de montaña tradicional en entorno inspirado en paisaje natural.,Comida servida,Espacio restaurante,Mayores de 8 años,gastronomía,encuentro,tradición,suave,Actividad en entorno interior.,Ropa cómoda,—,Llegar puntual,TRUE,TRUE,Cundi Oriente,social,outdoor,media,relajado,ambiental,(vide),(vide),inmediato
La Anticuchería,Anticuchos peruanos a la parrilla,gastro,bbq,4.649362738,-74.05598051,60,duo,Bogotá,Cercana,https://images.pexels.com/photos/12261087/pexels-photo-12261087.jpeg,Elegimos este lugar por su especialidad en anticuchos preparados a la parrilla. Representa una tradición peruana llevada a mesa.,Anticuchos peruanos a la parrilla en experiencia gastronómica tradicional.,Comida servida,Espacio restaurante,Mayores de 8 años,gastronomía,cultura,encuentro,suave,Actividad en entorno interior.,Ropa cómoda,—,Llegar puntual,TRUE,TRUE,Bogotá,social,indoor,media,relajado,ambiental,(vide),(vide),inmediato
La Cabrera Bogotá l Parrilla Argentina | Restaurante Zona G,Parrilla argentina de cortes a la brasa,gastro,bbq,4.65143408,-74.05554263,60,duo,Bogotá,Cercana,https://images.pexels.com/photos/12261087/pexels-photo-12261087.jpeg,Valoramos esta parrilla por su enfoque en cortes argentinos a la brasa. Es un plan donde la carne y el fuego son el eje.,Parrilla argentina de cortes a la brasa en experiencia gastronómica tradicional.,Comida servida,Espacio restaurante,Mayores de 8 años,gastronomía,encuentro,tradición,suave,Actividad en entorno interior.,Ropa cómoda,—,Llegar puntual,TRUE,TRUE,Bogotá,social,indoor,media,relajado,ambiental,(vide),(vide),inmediato
Fogo da Bahia,Rodizio brasileño de carnes a la espada,gastro,bbq,4.653326593,-74.05918528,60,duo,Bogotá,Cercana,https://images.pexels.com/photos/12261087/pexels-photo-12261087.jpeg,Seleccionamos este rodizio por su servicio de carnes a la espada al estilo brasileño. Representa la parrilla en formato tradicional.,Rodizio brasileño de carnes a la espada en experiencia gastronómica tradicional.,Comida servida,Espacio restaurante,Mayores de 10 años,gastronomía,encuentro,experiencia,suave,Actividad en entorno interior.,Ropa cómoda,—,Llegar puntual,TRUE,TRUE,Bogotá,social,indoor,media,relajado,ambiental,(vide),(vide),inmediato
Di Carbone Hotel Restaurante Gastrobar,Cena italiana a la brasa estilo rústico,gastro,bbq,4.805104687,-74.36001936,60,duo,Cundi Occidente,Cercana,https://images.pexels.com/photos/12261087/pexels-photo-12261087.jpeg,Seleccionamos esta mesa por su cocina italiana a la brasa en estilo rústico. Representa el uso del fuego como base.,Cena italiana a la brasa estilo rústico en ambiente gastronómico.,Cena,Espacio restaurante,Mayores de 10 años,gastronomía,tradición,encuentro,suave,Actividad en entorno interior.,Ropa cómoda,—,Llegar puntual,TRUE,TRUE,Bogotá,social,indoor,media,relajado,ambiental,(vide),(vide),inmediato
Testarudo Colombia,Cena de carnes maduradas a la parrilla,gastro,bbq,4.901431061,-74.02944474,60,duo,Cundi Norte,Cercana,https://images.pexels.com/photos/12261087/pexels-photo-12261087.jpeg,Incluimos esta mesa por su especialidad en carnes maduradas a la parrilla. Representa la carne desde el tiempo y el fuego.,Cena de carnes maduradas a la parrilla en experiencia gastronómica tradicional.,Cena,Espacio restaurante,Mayores de 10 años,gastronomía,encuentro,tradición,suave,Actividad en entorno interior.,Ropa cómoda,—,Puntualidad requerida,TRUE,TRUE,Bogotá,social,indoor,media,relajado,ambiental,(vide),(vide),inmediato
El Mana Coffee & Brunch,Brunch de café de especialidad y cocina ligera,gastro,brunch,4.329402912,-74.38734573,60,duo,Cundi Sur,Cercana,https://images.pexels.com/photos/2874780/pexels-photo-2874780.jpeg,Elegimos este brunch por la combinación de café de especialidad y cocina ligera en un formato relajado. Es un plan donde la calidad del producto y el ritmo pausado marcan la experiencia.,Brunch de café de especialidad acompañado de cocina ligera en ambiente relajado.,Brunch,Bebida caliente,Mayores de 8 años,comida,encuentro,relajado,suave,Actividad en entorno interior.,Ropa cómoda,—,Llegar puntual,TRUE,TRUE,Cundi Sur,social,indoor,media,relajado,ambiental,(vide),(vide),inmediato
HAB Café,Brunch de café de especialidad y panadería,gastro,brunch,4.643042455,-74.06090013,60,duo,Bogotá,Cercana,https://images.pexels.com/photos/2874780/pexels-photo-2874780.jpeg,Incluimos este brunch por su enfoque en café de especialidad y panadería. Es un plan de mañana donde producto y pausa se combinan.,Brunch de café de especialidad acompañado de panadería artesanal.,Brunch,Bebida caliente,Mayores de 8 años,encuentro,gastronomía,relajado,suave,Actividad en entorno interior.,Ropa cómoda,—,Llegar puntual,TRUE,TRUE,Bogotá,social,indoor,media,relajado,ambiental,(vide),(vide),inmediato
CoCo&Social,Brunch social con cocina internacional,gastro,brunch,4.649303562,-74.05653924,60,duo,Bogotá,Cercana,https://images.pexels.com/photos/2874780/pexels-photo-2874780.jpeg,Incluimos este brunch por su formato social con cocina internacional. Es un plan pensado para compartir en ambiente relajado.,Brunch social con cocina internacional en ambiente relajado.,Brunch,Bebida incluida,Mayores de 8 años,encuentro,gastronomía,relajado,suave,Actividad en entorno interior.,Ropa cómoda,—,Puntualidad requerida,TRUE,TRUE,Bogotá,social,indoor,media,relajado,ambiental,(vide),(vide),inmediato
Flambée Bistró & Café,Brunch francés con panadería artesanal,gastro,brunch,4.674541922,-74.04720449,60,duo,Bogotá,Cercana,https://images.pexels.com/photos/2874780/pexels-photo-2874780.jpeg,Valoramos este brunch por su enfoque francés en panadería y café. Representa una mañana de estilo europeo.,Brunch francés con panadería artesanal en ambiente relajado.,Brunch,Bebida incluida,Mayores de 8 años,encuentro,gastronomía,relajado,suave,Actividad en entorno interior.,Ropa cómoda,—,Llegar puntual,TRUE,TRUE,Bogotá,social,indoor,media,relajado,ambiental,(vide),(vide),inmediato
Bealé Pâtisserie,Pastelería francesa de autor,gastro,chef_hat,4.656484558,-74.06062037,60,duo,Bogotá,Cercana,https://images.pexels.com/photos/2977514/pexels-photo-2977514.jpeg,Elegimos esta pastelería por su trabajo de autor en técnica francesa. Es un plan centrado en el detalle dulce.,Pastelería francesa de autor con enfoque en técnicas tradicionales.,Degustación,Espacio pastelería,Mayores de 8 años,gastronomía,dulce,encuentro,suave,Actividad en entorno interior.,Ropa cómoda,—,Llegar puntual,TRUE,TRUE,Bogotá,social,indoor,media,relajado,ambiental,(vide),(vide),inmediato
Les Amis Bizcocheria,Pastelería francesa artesanal de autor,gastro,chef_hat,4.671902077,-74.05523203,60,duo,Bogotá,Cercana,https://images.pexels.com/photos/2977514/pexels-photo-2977514.jpeg,Valoramos esta pastelería por su enfoque artesanal en técnica francesa. Representa el trabajo dulce desde la tradición.,Pastelería francesa artesanal de autor con selección de postres.,Degustación,Espacio pastelería,Mayores de 8 años,gastronomía,dulce,encuentro,suave,Actividad en entorno interior.,Ropa cómoda,—,Puntualidad requerida,TRUE,TRUE,Bogotá,social,indoor,media,relajado,ambiental,(vide),(vide),inmediato
C´est si Bon pastelería,Pastelería francesa clásica artesanal,gastro,chef_hat,4.678048435,-74.04733724,60,duo,Bogotá,Cercana,https://images.pexels.com/photos/2977514/pexels-photo-2977514.jpeg,Valoramos esta pastelería por su enfoque en clásicos franceses. Representa la tradición dulce desde lo esencial.,Pastelería francesa clásica artesanal con selección de postres tradicionales.,Degustación,Espacio pastelería,Mayores de 8 años,gastronomía,dulce,encuentro,suave,Actividad en entorno interior.,Ropa cómoda,—,Llegar puntual,TRUE,TRUE,Bogotá,social,indoor,media,relajado,ambiental,(vide),(vide),inmediato
Jade Pimont Pâtisserie Française,Pastelería francesa fina de autor,gastro,chef_hat,4.697738598,-74.04598048,60,duo,Bogotá,Cercana,https://images.pexels.com/photos/2977514/pexels-photo-2977514.jpeg,Seleccionamos esta pastelería por su trabajo fino en técnica francesa. Representa el detalle dulce desde la precisión.,Pastelería francesa fina de autor con selección de postres artesanales.,Degustación,Espacio pastelería,Mayores de 8 años,gastronomía,dulce,encuentro,suave,Actividad en entorno interior.,Ropa cómoda,—,Puntualidad requerida,TRUE,TRUE,Bogotá,social,indoor,media,relajado,ambiental,(vide),(vide),inmediato
SemillaBread Bakery,Panadería artesanal con fermentaciones naturales,gastro,chef_hat,4.70086004,-74.04611856,60,duo,Bogotá,Cercana,https://images.pexels.com/photos/1267320/pexels-photo-1267320.jpeg,Seleccionamos esta panadería por su trabajo con fermentaciones naturales. Representa el pan como proceso artesanal.,Panadería artesanal con fermentaciones naturales y productos frescos.,Degustación,Espacio panadería,Mayores de 8 años,gastronomía,tradición,encuentro,suave,Actividad en entorno interior.,Ropa cómoda,—,Llegar puntual,TRUE,TRUE,Bogotá,social,indoor,media,relajado,ambiental,(vide),(vide),inmediato
Café Devotion Ltda,Cata guiada de café de especialidad,gastro,coffee_tasting,4.650315929,-74.1192829,60,duo,Bogotá,Cercana,https://images.pexels.com/photos/11215766/pexels-photo-11215766.jpeg,Seleccionamos esta cata por el enfoque en café de especialidad desde el origen. Es una experiencia centrada en el grano y su perfil.,Cata guiada de café de especialidad para explorar perfiles de sabor.,Cata guiada,Bebida incluida,Mayores de 10 años,gastronomía,cultura,experiencia,suave,Actividad en entorno interior.,Ropa cómoda,—,Puntualidad requerida,TRUE,TRUE,Bogotá,social,indoor,media,relajado,ambiental,(vide),(vide),comprender
Caffa Torre Samsung,Cata de café de especialidad guiada,gastro,coffee_tasting,4.691995549,-74.03422509,60,duo,Bogotá,Cercana,https://images.pexels.com/photos/11215766/pexels-photo-11215766.jpeg,Valoramos esta cata por su enfoque en café de especialidad guiado. Es una experiencia centrada en el perfil de la bebida.,Cata guiada de café de especialidad para descubrir perfiles de sabor.,Cata guiada,Bebida incluida,Mayores de 10 años,gastronomía,cultura,experiencia,suave,Actividad en entorno interior.,Ropa cómoda,—,Llegar puntual,TRUE,TRUE,Bogotá,social,indoor,media,relajado,ambiental,(vide),(vide),comprender
Restaurante Suizo,Cocina suiza tradicional de recetas clásicas,gastro,dining,4.527729353,-73.92343745,60,duo,Cundi Oriente,Cercana,https://images.pexels.com/photos/4255484/pexels-photo-4255484.jpeg,Incluimos esta cocina por su enfoque en recetas suizas tradicionales. Es un plan que conecta técnica clásica y platos representativos.,Experiencia de cocina suiza tradicional con recetas clásicas en ambiente acogedor.,Comida servida,Espacio restaurante,Mayores de 8 años,gastronomía,cultura,encuentro,suave,Actividad en entorno interior.,Ropa cómoda,—,Puntualidad requerida,TRUE,TRUE,Cundi Oriente,social,indoor,media,relajado,ambiental,(vide),(vide),duradero
Refugio del Salto de Tequendama,Almuerzo tradicional con vista natural,gastro,dining,4.577981554,-74.29726507,60,duo,Cundi Sur,Cercana,https://images.pexels.com/photos/4255484/pexels-photo-4255484.jpeg,Seleccionamos este almuerzo por la relación directa entre mesa y paisaje natural. Es una experiencia donde la vista hace parte del momento gastronómico.,Almuerzo tradicional con vista natural en espacio histórico cercano al salto.,Comida servida,Espacio restaurante,Mayores de 8 años,gastronomía,paisaje,encuentro,suave,Depende de condiciones del entorno.,Ropa cómoda,Abrigo ligero,Llegar puntual,TRUE,TRUE,Cundi Sur,"romántico,relax",indoor,media,relajado,ambiental,(vide),(vide),inmediato
Mestizo Cocina de Origen,Cena de cocina colombiana de raíces,gastro,dining,4.583115047,-74.44605831,60,duo,Cundi Sur,Cercana,https://images.pexels.com/photos/4255484/pexels-photo-4255484.jpeg,Valoramos esta propuesta por su trabajo con raíces culinarias colombianas. Es un plan que mira el origen como punto de partida creativo.,Cena de cocina colombiana de raíces enfocada en sabores tradicionales.,Cena,Espacio restaurante,Mayores de 10 años,gastronomía,cultura,encuentro,suave,Actividad en entorno interior.,Ropa cómoda,—,Puntualidad requerida,TRUE,TRUE,Cundi Sur,social,indoor,media,relajado,ambiental,(vide),(vide),duradero
Santa Fe Restaurante Bogotá,Cena tradicional colombiana en salón histórico,gastro,dining,4.594512135,-74.0758109,60,duo,Bogotá,Cercana,https://images.pexels.com/photos/4255484/pexels-photo-4255484.jpeg,Elegimos este salón por su carácter histórico aplicado a la cocina tradicional colombiana. Representa una experiencia donde espacio y receta dialogan.,Cena tradicional colombiana en salón histórico con ambiente cultural.,Cena,Espacio restaurante,Mayores de 10 años,gastronomía,cultura,encuentro,suave,Actividad en entorno interior.,Ropa cómoda,—,Llegar puntual,TRUE,TRUE,Bogotá,"romántico,social",indoor,media,relajado,ambiental,(vide),(vide),duradero
Restaurante Casa San Isidro,Cena tradicional colombiana en entorno histórico,gastro,dining,4.604126118,-74.05526112,60,duo,Bogotá,Cercana,https://images.pexels.com/photos/4255484/pexels-photo-4255484.jpeg,Seleccionamos esta mesa por su entorno con carácter histórico acompañado de cocina tradicional. Representa una experiencia gastronómica ligada al lugar.,Cena tradicional colombiana en entorno histórico con vista representativa.,Cena,Espacio restaurante,Mayores de 10 años,gastronomía,cultura,encuentro,suave,Actividad en entorno interior.,Ropa cómoda,—,Puntualidad requerida,TRUE,TRUE,Bogotá,romántico,indoor,media,relajado,ambiental,(vide),(vide),duradero
Ushin Japanese & Grill,Cena japonesa con parrilla y sushi,gastro,dining,4.644079885,-74.10005895,60,duo,Bogotá,Cercana,https://images.pexels.com/photos/10557030/pexels-photo-10557030.jpeg,Elegimos esta cena por la combinación de parrilla japonesa y sushi. Es una experiencia que une técnica de fuego y tradición nipona.,Cena japonesa con parrilla y sushi en ambiente moderno.,Cena,Espacio restaurante,Mayores de 10 años,gastronomía,encuentro,experiencia,suave,Actividad en entorno interior.,Ropa cómoda,—,Llegar puntual,TRUE,TRUE,Bogotá,social,indoor,media,relajado,ambiental,(vide),(vide),inmediato
Oliveto Pizza & Pasta Rosales,Cena italiana de pizzas artesanales y pastas,gastro,dining,4.652081223,-74.05480973,60,duo,Bogotá,Cercana,https://images.pexels.com/photos/10557030/pexels-photo-10557030.jpeg,Incluimos esta mesa por su cocina italiana centrada en pizzas y pastas artesanales. Representa la tradición italiana desde lo clásico.,Cena italiana de pizzas artesanales y pastas frescas en ambiente acogedor.,Cena,Espacio restaurante,Mayores de 8 años,gastronomía,encuentro,tradición,suave,Actividad en entorno interior.,Ropa cómoda,—,Llegar puntual,TRUE,TRUE,Bogotá,romántico,indoor,media,relajado,ambiental,(vide),(vide),inmediato
Abasto Quinta Camacho,Cena de cocina local de temporada,gastro,dining,4.653200165,-74.0590165,60,duo,Bogotá,Cercana,https://images.pexels.com/photos/10557030/pexels-photo-10557030.jpeg,Elegimos esta propuesta por su cocina de temporada con enfoque local. Es un plan donde el producto marca el menú.,Cena de cocina local de temporada enfocada en ingredientes frescos.,Cena,Espacio restaurante,Mayores de 10 años,gastronomía,encuentro,temporada,suave,Actividad en entorno interior.,Ropa cómoda,—,Puntualidad requerida,TRUE,TRUE,Bogotá,romántico,indoor,media,relajado,ambiental,(vide),(vide),inmediato
Tremé,Cena criolla inspirada en cocina de Nueva Orleans,gastro,dining,4.655016036,-74.05919885,60,duo,Bogotá,Cercana,https://images.pexels.com/photos/10557030/pexels-photo-10557030.jpeg,Valoramos esta cocina por su inspiración en recetas criollas de Nueva Orleans. Es una experiencia que trae otra tradición al contexto local.,Cena criolla inspirada en cocina de Nueva Orleans con sabores tradicionales.,Cena,Espacio restaurante,Mayores de 10 años,gastronomía,cultura,encuentro,suave,Actividad en entorno interior.,Ropa cómoda,—,Puntualidad requerida,TRUE,TRUE,Bogotá,social,indoor,media,relajado,ambiental,(vide),(vide),inmediato
Restaurante Nueve,Cena contemporánea de cocina internacional,gastro,dining,4.655612762,-74.05927155,60,duo,Bogotá,Cercana,https://images.pexels.com/photos/10557030/pexels-photo-10557030.jpeg,Incluimos esta mesa por su cocina contemporánea de enfoque internacional. Representa una propuesta versátil en sabores.,Cena contemporánea de cocina internacional en ambiente moderno.,Cena,Espacio restaurante,Mayores de 10 años,gastronomía,encuentro,experiencia,suave,Actividad en entorno interior.,Ropa cómoda,—,Llegar puntual,TRUE,TRUE,Bogotá,social,indoor,media,relajado,ambiental,(vide),(vide),duradero
El Bandido Bistro,Cena bistró francesa de cocina clásica,gastro,dining,4.661537023,-74.05043934,60,duo,Bogotá,Cercana,https://images.pexels.com/photos/10557030/pexels-photo-10557030.jpeg,Valoramos este bistró por su apego a la cocina francesa clásica. Es una experiencia que rescata el formato tradicional de mesa.,Cena bistró francesa de cocina clásica en ambiente acogedor.,Cena,Espacio restaurante,Mayores de 10 años,gastronomía,cultura,encuentro,suave,Actividad en entorno interior.,Ropa cómoda,—,Llegar puntual,TRUE,TRUE,Bogotá,romántico,indoor,media,relajado,ambiental,(vide),(vide),duradero
Omnia | Restaurante Fusion Asiatica,Cena de cocina asiática fusión contemporánea,gastro,dining,4.666162291,-74.05565779,60,duo,Bogotá,Cercana,https://images.pexels.com/photos/35452249/pexels-photo-35452249.jpeg,Seleccionamos esta propuesta por su cocina asiática fusión en formato actual. Es un plan donde distintas influencias se encuentran.,Cena de cocina asiática fusión contemporánea en ambiente moderno.,Cena,Espacio restaurante,Mayores de 12 años,gastronomía,encuentro,experiencia,suave,Actividad en entorno interior.,Ropa cómoda,—,Llegar puntual,TRUE,TRUE,Bogotá,romántico,indoor,media,relajado,ambiental,(vide),(vide),inmediato
Storia D'Amore zona T,Cena italiana artesanal con pastas frescas,gastro,dining,4.667218361,-74.05464976,60,duo,Bogotá,Cercana,https://images.pexels.com/photos/35452249/pexels-photo-35452249.jpeg,Valoramos esta mesa por su cocina italiana artesanal con pastas frescas. Representa la tradición italiana en formato cercano.,Cena italiana artesanal con pastas frescas en ambiente acogedor.,Cena,Espacio restaurante,Mayores de 8 años,gastronomía,tradición,encuentro,suave,Actividad en entorno interior.,Ropa cómoda,—,Puntualidad requerida,TRUE,TRUE,Bogotá,romántico,indoor,media,relajado,ambiental,(vide),(vide),inmediato
Cantina La 15 Bogotá - Bar y Restaurante Mexicano,Cena mexicana tradicional con platos típicos,gastro,dining,4.668437044,-74.05431742,60,duo,Bogotá,Cercana,https://images.pexels.com/photos/35452249/pexels-photo-35452249.jpeg,Elegimos esta cena por su enfoque en platos mexicanos tradicionales. Es una experiencia ligada a recetas representativas.,Cena mexicana tradicional con platos típicos en ambiente cultural.,Cena,Espacio restaurante,Mayores de 8 años,gastronomía,cultura,encuentro,suave,Actividad en entorno interior.,Ropa cómoda,—,Llegar puntual,TRUE,TRUE,Bogotá,social,indoor,media,relajado,ambiental,(vide),(vide),inmediato
Astoria Rooftop | The Best Rooftop in Colombia,Cena en rooftop con cocina internacional,gastro,dining,4.669118885,-74.05317928,60,duo,Bogotá,Cercana,https://images.pexels.com/photos/35452249/pexels-photo-35452249.jpeg,Seleccionamos esta mesa por combinar cocina internacional con vista en altura. Representa el plan gastronómico con perspectiva urbana.,Cena en rooftop con cocina internacional y ambiente social.,Cena,Espacio restaurante,Mayores de 12 años,gastronomía,encuentro,experiencia,suave,Depende de condiciones climáticas.,Ropa cómoda,Abrigo ligero,Puntualidad requerida,TRUE,TRUE,Bogotá,romántico,indoor,media,relajado,ambiental,(vide),(vide),inmediato
Oficial (peruano),Cena peruana contemporánea de autor,gastro,dining,4.669228218,-74.05350378,60,duo,Bogotá,Cercana,https://images.pexels.com/photos/35452249/pexels-photo-35452249.jpeg,Incluimos esta cena por su mirada contemporánea a la cocina peruana. Es un plan que une tradición y técnica actual.,Cena peruana contemporánea de autor enfocada en ingredientes y técnica.,Cena,Espacio restaurante,Mayores de 12 años,gastronomía,cultura,experiencia,suave,Actividad en entorno interior.,Ropa cómoda,—,Llegar puntual,TRUE,TRUE,Bogotá,romántico,indoor,media,relajado,ambiental,(vide),(vide),duradero
Osaka Bogotá,Cena japonesa-peruana de cocina nikkei,gastro,dining,4.669496506,-74.05364868,60,duo,Bogotá,Cercana,https://images.pexels.com/photos/35452249/pexels-photo-35452249.jpeg,Elegimos esta propuesta por su cocina nikkei que une Japón y Perú. Representa el cruce de dos tradiciones en un mismo menú.,Cena japonesa-peruana de cocina nikkei en ambiente moderno.,Cena,Espacio restaurante,Mayores de 12 años,gastronomía,fusión,encuentro,suave,Actividad en entorno interior.,Ropa cómoda,—,Puntualidad requerida,TRUE,TRUE,Bogotá,romántico,indoor,media,relajado,ambiental,(vide),(vide),duradero
Selvátiko by Petronio,Cena de cocina del Pacífico colombiano,gastro,dining,4.673083241,-74.06147208,60,duo,Bogotá,Cercana,https://images.pexels.com/photos/35452249/pexels-photo-35452249.jpeg,Incluimos esta mesa por su cocina inspirada en el Pacífico colombiano. Es una experiencia ligada a sabores de esa región.,Cena de cocina del Pacífico colombiano enfocada en sabores regionales.,Cena,Espacio restaurante,Mayores de 10 años,gastronomía,cultura,encuentro,suave,Actividad en entorno interior.,Ropa cómoda,—,Llegar puntual,TRUE,TRUE,Bogotá,social,indoor,media,relajado,ambiental,(vide),(vide),duradero
Restaurante Puente Viejo,Almuerzo tradicional en entorno histórico,gastro,dining,4.673464934,-73.99570895,60,duo,Cundi Norte,Cercana,https://images.pexels.com/photos/35452249/pexels-photo-35452249.jpeg,Elegimos este almuerzo por su entorno histórico que acompaña la cocina tradicional. Representa una comida ligada al lugar.,Almuerzo tradicional en entorno histórico con ambiente cultural.,Almuerzo,Espacio restaurante,Mayores de 8 años,gastronomía,cultura,encuentro,suave,Actividad en entorno interior.,Ropa cómoda,—,Puntualidad requerida,TRUE,TRUE,Cundi Norte,"romántico,relax",indoor,media,relajado,ambiental,(vide),(vide),inmediato
Monaco Rooftop,Cena en rooftop con cocina internacional,gastro,dining,4.674998195,-74.05380212,60,duo,Bogotá,Cercana,https://images.pexels.com/photos/35452249/pexels-photo-35452249.jpeg,Elegimos esta mesa por su cocina internacional acompañada de vista en altura. Representa la experiencia gastronómica urbana.,Cena en rooftop con cocina internacional y vista panorámica.,Cena,Espacio restaurante,Mayores de 12 años,gastronomía,encuentro,experiencia,suave,Depende de condiciones climáticas.,Ropa cómoda,Abrigo ligero,Puntualidad requerida,TRUE,TRUE,Bogotá,romántico,indoor,media,relajado,ambiental,(vide),(vide),inmediato
Sekushi Sky,Cena fusión asiática en rooftop,gastro,dining,4.675212029,-74.05414163,60,duo,Bogotá,Cercana,https://images.pexels.com/photos/35452249/pexels-photo-35452249.jpeg,Seleccionamos esta cena por su fusión asiática servida en rooftop. Es un plan que combina cocina y entorno elevado.,Cena fusión asiática en rooftop con ambiente moderno.,Cena,Espacio restaurante,Mayores de 12 años,gastronomía,encuentro,experiencia,suave,Depende de condiciones climáticas.,Ropa cómoda,Abrigo ligero,Llegar puntual,TRUE,TRUE,Bogotá,romántico,indoor,media,relajado,ambiental,(vide),(vide),inmediato
La Fragata Giratorio,Cena de mar en restaurante giratorio,gastro,dining,4.680703507,-74.04089593,60,duo,Bogotá,Cercana,https://images.pexels.com/photos/35452249/pexels-photo-35452249.jpeg,Seleccionamos esta cena por su especialidad en cocina de mar y formato giratorio. Es un plan donde el entorno cambia durante la comida.,Cena de mar en restaurante giratorio con vista panorámica.,Cena,Espacio restaurante,Mayores de 12 años,gastronomía,experiencia,encuentro,suave,Actividad en entorno interior.,Ropa cómoda,—,Puntualidad requerida,TRUE,TRUE,Bogotá,romántico,indoor,media,relajado,ambiental,(vide),(vide),inmediato
Giornatta 114,Cena italiana de cocina tradicional,gastro,dining,4.698297064,-74.05486884,60,duo,Bogotá,Cercana,https://images.pexels.com/photos/35452281/pexels-photo-35452281.jpeg,Valoramos esta mesa por su cocina italiana de base tradicional. Es una experiencia centrada en recetas clásicas.,Cena italiana de cocina tradicional con recetas clásicas.,Cena,Espacio restaurante,Mayores de 10 años,gastronomía,tradición,encuentro,suave,Actividad en entorno interior.,Ropa cómoda,—,Llegar puntual,TRUE,TRUE,Bogotá,romántico,indoor,media,relajado,ambiental,(vide),(vide),inmediato
Piazza by Storia D'Amore Calle 122 Bogotá,Cena italiana contemporánea con pastas,gastro,dining,4.701062386,-74.04424528,60,duo,Bogotá,Cercana,https://images.pexels.com/photos/35452281/pexels-photo-35452281.jpeg,Valoramos esta mesa por su cocina italiana contemporánea basada en pastas. Es un plan que mantiene la tradición con mirada actual.,Cena italiana contemporánea con pastas en ambiente moderno.,Cena,Espacio restaurante,Mayores de 10 años,gastronomía,encuentro,experiencia,suave,Actividad en entorno interior.,Ropa cómoda,—,Puntualidad requerida,TRUE,TRUE,Bogotá,romántico,indoor,media,relajado,ambiental,(vide),(vide),inmediato
Maki Makio Sushi & Wok,Cena asiática de sushi y wok,gastro,dining,4.821354329,-74.35394489,60,duo,Cundi Occidente,Cercana,https://images.pexels.com/photos/35452281/pexels-photo-35452281.jpeg,Valoramos esta propuesta por su combinación de sushi y wok asiático. Es un plan versátil dentro de la cocina oriental.,Cena asiática de sushi y wok en ambiente moderno.,Cena,Espacio restaurante,Mayores de 10 años,gastronomía,encuentro,experiencia,suave,Actividad en entorno interior.,Ropa cómoda,—,Puntualidad requerida,TRUE,TRUE,Bogotá,social,indoor,media,relajado,ambiental,(vide),(vide),inmediato
Celestina,Cena contemporánea de cocina internacional,gastro,dining,4.88653427,-74.03608585,60,duo,Cundi Norte,Cercana,https://images.pexels.com/photos/35452281/pexels-photo-35452281.jpeg,Elegimos esta mesa por su cocina contemporánea de enfoque internacional. Es un plan gastronómico versátil y actual.,Cena contemporánea de cocina internacional en ambiente acogedor.,Cena,Espacio restaurante,Mayores de 10 años,gastronomía,encuentro,experiencia,suave,Actividad en entorno interior.,Ropa cómoda,—,Puntualidad requerida,TRUE,TRUE,Cundi Occidente,social,indoor,media,relajado,ambiental,(vide),(vide),duradero
Vulcano Gastro Bar,Cena en gastrobar con cocina internacional,gastro,dining,4.90121342,-74.02934493,60,duo,Cundi Norte,Cercana,https://images.pexels.com/photos/35452281/pexels-photo-35452281.jpeg,Valoramos este gastrobar por su cocina internacional en formato casual. Es un plan donde ambiente y comida se equilibran.,Cena en gastrobar con cocina internacional en ambiente social.,Cena,Espacio restaurante,Mayores de 10 años,gastronomía,encuentro,experiencia,suave,Actividad en entorno interior.,Ropa cómoda,—,Llegar puntual,TRUE,TRUE,Cundi Norte,romántico,indoor,media,relajado,ambiental,(vide),(vide),inmediato
Restaurante Graná cocina fusión,Cena de cocina fusión latino-mediterránea,gastro,dining,5.023559298,-74.00538145,60,duo,Cundi Norte,Cercana,https://images.pexels.com/photos/35452281/pexels-photo-35452281.jpeg,Seleccionamos esta propuesta por su fusión latino-mediterránea. Representa el encuentro de dos tradiciones en un mismo menú.,Cena de cocina fusión latino-mediterránea con sabores contemporáneos.,Cena,Espacio restaurante,Mayores de 10 años,gastronomía,encuentro,experiencia,suave,Actividad en entorno interior.,Ropa cómoda,—,Puntualidad requerida,TRUE,TRUE,Cundi Norte,social,indoor,media,relajado,ambiental,(vide),(vide),duradero
Parque Aventura La Chorrera,Senderismo hacia cascada en reserva natural,aventura,hiking,4.587428383,-73.95121421,60,solo,Cundi Oriente,Cercana,https://images.pexels.com/photos/3076431/pexels-photo-3076431.jpeg,"Seleccionamos este plan por la conexión directa con el paisaje y el recorrido hacia una de las caídas de agua más representativas de la zona. Es una experiencia que mezcla caminata, naturaleza y contemplación en un entorno bien conservado.",Recorre senderos naturales hacia una cascada emblemática en una caminata rodeada de paisaje andino.,Ingreso a reserva | Recorrido por senderos,Buena condición física | Mayores de 10 años,naturaleza | caminata | contemplación,medio,La realización depende de condiciones climáticas y puede ajustarse según indicación del operador.,Ropa deportiva | Calzado con agarre,Actividad de caminata prolongada | Terreno irregular | Puntualidad requerida,TRUE,TRUE,TRUE,2,TRUE,Podemos ayudarte a consultar cupos adicionales,Bogotá,adrenalina,outdoor,media,relajado,corporal,(vide),(vide),cuerpo
CABALGATAS EN LA CALERA - MONTANA ECOLOGICAL TOURISM,Cabalgata ecológica por montaña en La Calera,aventura,horseback,4.66649453,-74.01282644,60,solo,Cundi Norte,Cercana,https://images.pexels.com/photos/8968513/pexels-photo-8968513.jpeg,Seleccionamos esta cabalgata por el entorno de montaña y el ritmo tranquilo del recorrido. Es un plan que conecta paisaje y tradición ecuestre.,Recorre senderos de montaña a caballo en una experiencia guiada de conexión con el paisaje natural.,Cabalgata guiada,Recorrido por senderos,Mayores de 8 años,naturaleza,paisaje,tradición,medio,La realización depende de condiciones climáticas y puede ajustarse según indicación del operador.,Ropa cómoda,Pantalón largo,Actividad al aire libre,Seguir indicaciones del guía,TRUE,Bogotá,adrenalina,outdoor,media,relajado,corporal,(vide),(vide),cuerpo
Cabalgata Segura,Cabalgata guiada por senderos rurales,aventura,horseback,4.667697103,-74.0121765,60,solo,Cundi Norte,Cercana,https://images.pexels.com/photos/8968513/pexels-photo-8968513.jpeg,Valoramos esta experiencia por su enfoque guiado y el recorrido por senderos rurales. Representa un acercamiento sereno al entorno natural a caballo.,Disfruta una cabalgata guiada por senderos rurales en un recorrido tranquilo en contacto con el entorno natural.,Cabalgata guiada,Recorrido rural,Mayores de 8 años,naturaleza,tranquilidad,aire libre,medio,La realización depende de condiciones climáticas y puede ajustarse según indicación del operador.,Ropa cómoda,Pantalón largo,Actividad al aire libre,Puntualidad requerida,TRUE,Bogotá,adrenalina,outdoor,media,relajado,corporal,(vide),(vide),cuerpo
Cabalgatas San Jorge de La Montaña,Recorrido a caballo por rutas naturales,aventura,horseback,4.669896822,-73.99939334,60,solo,Cundi Norte,Cercana,https://images.pexels.com/photos/8968513/pexels-photo-8968513.jpeg,Nos gusta este recorrido por la forma en que integra paisaje y desplazamiento a caballo. Es un plan donde el entorno marca el ritmo de la experiencia.,Vive un recorrido a caballo por rutas naturales donde el paisaje marca el ritmo de la experiencia.,Cabalgata guiada,Recorrido natural,Mayores de 8 años,naturaleza,contemplación,tradición,medio,La realización depende de condiciones climáticas y puede ajustarse según indicación del operador.,Ropa cómoda,Pantalón largo,Experiencia al aire libre,Seguir indicaciones,TRUE,Bogotá,adrenalina,outdoor,media,relajado,corporal,(vide),(vide),cuerpo
Cabalgatas Eclipse,Cabalgata guiada por senderos de montaña,aventura,horseback,4.676933093,-73.99638894,60,solo,Cundi Norte,Cercana,https://images.pexels.com/photos/8968513/pexels-photo-8968513.jpeg,Elegimos esta cabalgata por sus senderos de montaña y el acompañamiento durante el recorrido. Representa un plan de naturaleza desde la tradición ecuestre.,Recorre senderos de montaña a caballo en una cabalgata guiada con ritmo natural y acompañamiento.,Cabalgata guiada,Senderos de montaña,Mayores de 8 años,naturaleza,paisaje,tradición,medio,La realización depende de condiciones climáticas y puede ajustarse según indicación del operador.,Ropa cómoda,Pantalón largo,Actividad al aire libre,Seguir indicaciones,TRUE,Bogotá,adrenalina,indoor,media,relajado,corporal,(vide),(vide),cuerpo
GNQ Medicina Antienvejecimiento,Evaluación estética facial con tecnología,bienestar,facial,4.686826071,-74.0470548,60,duo,Bogotá,Cercana,https://images.pexels.com/photos/3997995/pexels-photo-3997995.jpeg,Seleccionamos esta evaluación por el uso de tecnología aplicada al cuidado facial. Representa un enfoque estético desde la valoración profesional.,Evaluación estética facial con tecnología para análisis de la piel.,Evaluación facial,Uso de tecnología,Mayores de 18 años,cuidado personal,estética,bienestar,suave,Actividad en entorno interior.,Ropa cómoda,—,Seguir indicaciones,TRUE,TRUE,Bogotá,relax,indoor,media,relajado,corporal,(vide),(vide),cuerpo
ANTIAGE,Tratamiento estético facial con tecnología,bienestar,facial,4.863884285,-74.04562332,60,duo,Cundi Norte,Cercana,https://images.pexels.com/photos/3997995/pexels-photo-3997995.jpeg,Elegimos este tratamiento por el uso de tecnología aplicada al cuidado facial. Representa una mirada estética desde procedimientos especializados.,Tratamiento estético facial con tecnología enfocado en cuidado y bienestar de la piel.,Sesión facial,Uso de tecnología,Mayores de 18 años,cuidado personal,estética,bienestar,suave,Actividad en entorno interior.,Ropa cómoda,—,Seguir indicaciones del especialista,TRUE,TRUE,Bogotá,relax,indoor,media,relajado,corporal,(vide),(vide),cuerpo
Bojanini Hair & Skin Experts,Tratamiento facial especializado para la piel,bienestar,hair,4.678094071,-74.04534671,60,duo,Bogotá,Cercana,https://www.pexels.com/fr-fr/photo/travailler-femmes-affaires-business-7755499/,Valoramos este tratamiento por su enfoque especializado en la piel. Representa el cuidado facial desde una mirada técnica.,Tratamiento facial especializado enfocado en cuidado profundo de la piel.,Tratamiento facial,Evaluación básica,Mayores de 12 años,cuidado personal,bienestar,piel,suave,Actividad en entorno interior.,Ropa cómoda,—,Seguir indicaciones,TRUE,TRUE,Bogotá,relax,indoor,media,relajado,corporal,(vide),(vide),cuerpo
Massage Bogota | Natalia Ruiz,Masaje profesional personalizado a domicilio,bienestar,massage,4.619991326,-74.06856071,60,solo,Bogotá,Cercana,https://www.pexels.com/fr-fr/photo/mains-detente-relaxation-spa-6188036/,Seleccionamos este masaje por la posibilidad de recibir la sesión en casa con enfoque personalizado. Es un plan de bienestar que se adapta al propio espacio.,Masaje profesional personalizado a domicilio para favorecer relajación corporal.,Sesión de masaje,Atención a domicilio,Mayores de 12 años,descanso,bienestar,relajación,suave,Actividad en entorno interior.,Ropa cómoda,Espacio disponible,Coordinar horario previamente,TRUE,TRUE,Bogotá,relax,indoor,media,relajado,corporal,(vide),(vide),cuerpo
Riona Spa Masaje a Domicilio - Mobile Massage,Masaje relajante a domicilio con terapeuta,bienestar,massage,4.640655628,-74.05995789,60,solo,Bogotá,Cercana,https://www.pexels.com/fr-fr/photo/mains-detente-relaxation-spa-6188036/,Valoramos esta opción por llevar la experiencia de masaje al entorno personal. Representa el bienestar corporal desde la comodidad del domicilio.,Masaje relajante a domicilio con terapeuta en espacio de comodidad del usuario.,Sesión de masaje,Atención a domicilio,Mayores de 12 años,descanso,bienestar,relajación,suave,Actividad en entorno interior.,Ropa cómoda,Espacio adecuado,Coordinar disponibilidad,TRUE,TRUE,Bogotá,relax,indoor,media,relajado,corporal,(vide),(vide),cuerpo
Masajes a Domicilio Rakía Wellness & Spa Móvil,Masaje terapéutico a domicilio personalizado,bienestar,massage,4.662737264,-74.05867174,60,solo,Bogotá,Cercana,https://www.pexels.com/fr-fr/photo/mains-detente-relaxation-spa-6188036/,Incluimos este servicio por su enfoque terapéutico llevado al domicilio. Es un plan de atención corporal adaptado al ritmo personal.,Masaje terapéutico a domicilio personalizado para aliviar tensiones corporales.,Sesión terapéutica,Atención a domicilio,Mayores de 12 años,relajación,recuperación,bienestar,suave,Actividad en entorno interior.,Ropa cómoda,Espacio disponible,Coordinar previamente,TRUE,TRUE,Bogotá,relax,indoor,media,relajado,corporal,(vide),(vide),cuerpo
Ser Bienestar,Sesión integral de bienestar con masaje,bienestar,massage,4.669921549,-74.05776172,60,duo,Bogotá,Cercana,https://www.pexels.com/fr-fr/photo/mains-detente-relaxation-spa-6188036/,Valoramos este espacio por su enfoque amplio en el bienestar corporal. Representa un plan de atención al cuerpo desde distintas técnicas.,Sesión integral de bienestar con masaje en entorno preparado para relajación.,Sesión de masaje,Espacio de bienestar,Mayores de 12 años,descanso,relajación,bienestar,suave,Actividad en entorno interior.,Ropa cómoda,—,Llegar puntual,TRUE,TRUE,Bogotá,relax,indoor,media,relajado,corporal,(vide),(vide),cuerpo
Spacio Vivo | Spa | Masajes | Limpieza Facial | Depilacion Laser,Ritual facial profundo + masaje corporal,bienestar,massage,4.674661791,-74.05406992,60,duo,Bogotá,Cercana,https://www.pexels.com/fr-fr/photo/mains-detente-relaxation-spa-6188036/,Elegimos este ritual por la combinación de tratamiento facial y masaje corporal. Es un plan que equilibra cuidado de la piel y relajación.,Ritual facial profundo combinado con masaje corporal en entorno de spa.,Tratamiento facial,Sesión corporal,Mayores de 12 años,cuidado personal,relajación,bienestar,suave,Actividad en entorno interior.,Ropa cómoda,—,Llegar puntual,TRUE,TRUE,Bogotá,relax,indoor,media,relajado,corporal,(vide),(vide),cuerpo
Awak,Ritual corporal relajante con técnicas mixtas,bienestar,massage,4.681077973,-74.04892314,60,duo,Bogotá,Cercana,https://www.pexels.com/fr-fr/photo/mains-detente-relaxation-spa-6188036/,Incluimos este ritual por la mezcla de técnicas manuales en una sesión corporal. Es una experiencia orientada a soltar tensión física.,Ritual corporal relajante con técnicas mixtas para liberar tensión física.,Sesión corporal,Espacio de bienestar,Mayores de 12 años,relajación,bienestar,descanso,suave,Actividad en entorno interior.,Ropa cómoda,—,Llegar puntual,TRUE,TRUE,Bogotá,relax,indoor,media,relajado,corporal,(vide),(vide),cuerpo
BogoTHAI Massage & Spa. Usaquen Cl.109,Masaje tailandés tradicional con estiramientos,bienestar,massage,4.694119103,-74.04617437,60,duo,Bogotá,Cercana,https://www.pexels.com/fr-fr/photo/mains-detente-relaxation-spa-6188036/,Elegimos este masaje por su base en técnicas tradicionales con estiramientos. Representa el trabajo corporal desde una práctica oriental.,Masaje tailandés tradicional con estiramientos en entorno preparado.,Sesión de masaje,Técnicas tradicionales,Mayores de 12 años,relajación,movilidad,bienestar,medio,Actividad en entorno interior.,Ropa cómoda,—,Seguir indicaciones,TRUE,TRUE,Bogotá,relax,indoor,media,relajado,corporal,(vide),(vide),cuerpo
Baw Thai Spa - Santa Barbara,Masaje tailandés terapéutico estilo tradicional,bienestar,massage,4.698733629,-74.03886697,60,duo,Bogotá,Cercana,https://www.pexels.com/fr-fr/photo/mains-detente-relaxation-spa-6188036/,Incluimos esta experiencia por el estilo tailandés aplicado al masaje terapéutico. Es un plan donde la técnica marca el ritmo de la sesión.,Masaje tailandés terapéutico estilo tradicional para liberar tensiones corporales.,Sesión terapéutica,Técnicas tailandesas,Mayores de 12 años,relajación,movilidad,bienestar,medio,Actividad en entorno interior.,Ropa cómoda,—,Llegar puntual,TRUE,TRUE,Bogotá,relax,indoor,media,relajado,corporal,(vide),(vide),cuerpo
Orígenes Medicina Funcional,Sesión de bienestar con enfoque funcional,bienestar,massage,4.701293658,-74.03142312,60,duo,Bogotá,Cercana,https://images.pexels.com/photos/3997991/pexels-photo-3997991.jpeg,Elegimos esta sesión por su mirada integral del bienestar físico. Es un plan que aborda el cuerpo desde un enfoque funcional.,Sesión de bienestar con enfoque funcional para equilibrio corporal integral.,Sesión guiada,Espacio especializado,Mayores de 16 años,bienestar,equilibrio,salud,suave,Actividad en entorno interior.,Ropa cómoda,—,Seguir indicaciones,TRUE,TRUE,Bogotá,relax,indoor,media,relajado,corporal,(vide),(vide),cuerpo
Nagomi - Spa Terapéutico,Masaje terapéutico japonés de enfoque profundo,bienestar,massage,4.712125503,-74.03189789,60,duo,Bogotá,Cercana,https://images.pexels.com/photos/3997991/pexels-photo-3997991.jpeg,Elegimos este masaje por su enfoque profundo desde técnicas de origen japonés. Es un plan centrado en el trabajo terapéutico del cuerpo.,Masaje terapéutico japonés de enfoque profundo para aliviar tensiones.,Sesión terapéutica,Técnicas japonesas,Mayores de 12 años,relajación,recuperación,bienestar,medio,Actividad en entorno interior.,Ropa cómoda,—,Seguir indicaciones,TRUE,TRUE,Bogotá,relax,indoor,media,relajado,corporal,(vide),(vide),cuerpo
Spa Luz Marina Yepes,Masaje terapéutico corporal personalizado,bienestar,massage,4.880725249,-74.03599799,60,duo,Bogotá,Cercana,https://images.pexels.com/photos/3997991/pexels-photo-3997991.jpeg,Incluimos este masaje por su enfoque terapéutico personalizado. Es un plan centrado en el trabajo manual del cuerpo.,Masaje terapéutico corporal personalizado para aliviar tensiones y favorecer relajación.,Sesión terapéutica,Espacio de bienestar,Mayores de 12 años,relajación,recuperación,bienestar,suave,Actividad en entorno interior.,Ropa cómoda,—,Llegar puntual,TRUE,TRUE,Bogotá,relax,indoor,media,relajado,corporal,(vide),(vide),cuerpo
Thermacure Sauna Estudio,Sesión de sauna infrarrojo para relajación,bienestar,sauna,4.663602728,-74.0478944,60,solo,Bogotá,Cercana,https://images.pexels.com/photos/31092906/pexels-photo-31092906.jpeg,Seleccionamos este estudio por la experiencia de calor controlado en espacio dedicado. Representa una forma directa de trabajar la relajación física.,Sesión de sauna infrarrojo enfocada en relajación y recuperación corporal.,Sesión de sauna,Espacio preparado,Mayores de 16 años,bienestar,relajación,recuperación,suave,Actividad en entorno interior.,Ropa cómoda,Hidratación previa,Seguir indicaciones,TRUE,TRUE,Bogotá,relax,indoor,media,relajado,corporal,(vide),(vide),cuerpo
Termales Santa Mónica Choachí (Spa Fuente de Piedra),Circuito termal en aguas naturales de montaña,bienestar,spa,4.548263993,-73.91711301,60,solo,Cundi Oriente,Cercana,https://images.pexels.com/photos/23916836/pexels-photo-23916836.png,Incluimos este circuito por la presencia de aguas termales en entorno de montaña. Es una experiencia donde el agua y el paisaje son el eje central.,Circuito termal en aguas naturales de montaña en espacio preparado para relajación.,Acceso a zona termal,Circuito de aguas,Mayores de 12 años,descanso,relajación,bienestar,suave,Depende de condiciones del entorno.,Ropa de baño,Sandalias,Seguir indicaciones del lugar,Llegar puntual,TRUE,Bogotá,relax,indoor,media,relajado,corporal,(vide),(vide),cuerpo
Monserrat Spa Bogotá,Ritual de spa relajante con masaje corporal,bienestar,spa,4.604445993,-74.06773843,60,solo,Bogotá,Cercana,https://images.pexels.com/photos/23916836/pexels-photo-23916836.png,Elegimos este ritual por su enfoque en la relajación corporal dentro de un entorno de spa urbano. Representa un momento de pausa dedicado al cuerpo.,Ritual de spa relajante con masaje corporal en entorno preparado para bienestar.,Sesión de masaje,Acceso a spa,Mayores de 12 años,relajación,descanso,bienestar,suave,Actividad en entorno interior.,Ropa cómoda,—,Llegar puntual,Seguir indicaciones,TRUE,Bogotá,relax,indoor,media,relajado,corporal,(vide),(vide),cuerpo
The Spa at Four Seasons Hotel Bogotà,Ritual de spa con circuito hídrico y masaje,bienestar,spa,4.669645361,-74.05330751,60,duo,Bogotá,Cercana,https://images.pexels.com/photos/23916836/pexels-photo-23916836.png,Elegimos este ritual por la combinación de agua y técnicas manuales en un entorno de spa estructurado. Es una experiencia centrada en el cuidado integral del cuerpo.,Ritual de spa con circuito hídrico y masaje en entorno de bienestar integral.,Acceso a circuito hídrico,Sesión de masaje,Mayores de 12 años,relajación,bienestar,descanso,suave,Actividad en entorno interior.,Ropa cómoda,—,Llegar puntual,Seguir indicaciones,TRUE,Bogotá,relax,indoor,media,relajado,corporal,(vide),(vide),cuerpo
"Kanaiwa Spa y Estética Corporal y facial en Bogotá - Planes de Spa cumpleaños, novia, pareja, amigos - Tarjetas Regalo",Ritual de spa corporal + tratamiento facial,bienestar,spa,4.670127298,-74.10924688,60,duo,Bogotá,Cercana,https://images.pexels.com/photos/23916836/pexels-photo-23916836.png,Seleccionamos este ritual por integrar trabajo corporal y cuidado facial en una sola sesión. Es una propuesta completa dentro del entorno de spa.,Ritual de spa corporal combinado con tratamiento facial en ambiente de bienestar.,Tratamiento corporal,Tratamiento facial,Mayores de 12 años,relajación,cuidado personal,bienestar,suave,Actividad en entorno interior.,Ropa cómoda,—,Llegar puntual,Seguir indicaciones,TRUE,Bogotá,relax,indoor,media,relajado,corporal,(vide),(vide),cuerpo
Wuin Spa CHICO,Ritual de spa + masaje corporal relajante,bienestar,spa,4.679348022,-74.04664803,60,duo,Bogotá,Cercana,https://images.pexels.com/photos/23916836/pexels-photo-23916836.png,Seleccionamos este ritual por su estructura clásica de spa con masaje corporal. Es un plan centrado en la relajación en entorno urbano.,Ritual de spa con masaje corporal relajante en entorno de bienestar.,Sesión de masaje,Acceso a spa,Mayores de 12 años,relajación,descanso,bienestar,suave,Actividad en entorno interior.,Ropa cómoda,—,Llegar puntual,TRUE,TRUE,Bogotá,relax,indoor,media,relajado,corporal,(vide),(vide),cuerpo
Shivana Spa,Ritual de spa relajante con aromaterapia,bienestar,spa,4.701602687,-74.02224151,60,duo,Bogotá,Cercana,https://images.pexels.com/photos/23916836/pexels-photo-23916836.png,Valoramos este ritual por el uso de aromaterapia dentro de la sesión de spa. Representa una experiencia de relajación sensorial y corporal.,Ritual de spa relajante con aromaterapia en ambiente de tranquilidad.,Sesión de spa,Aromaterapia,Mayores de 12 años,relajación,bienestar,descanso,suave,Actividad en entorno interior.,Ropa cómoda,—,Llegar puntual,TRUE,TRUE,Bogotá,relax,indoor,media,relajado,corporal,(vide),(vide),cuerpo
One spa,Ritual de spa relajante con técnicas manuales,bienestar,spa,4.881062738,-74.03719247,60,duo,Bogotá,Cercana,https://images.pexels.com/photos/23916836/pexels-photo-23916836.png,Valoramos este ritual por su formato clásico de spa con técnicas manuales. Representa una pausa de cuidado corporal en entorno dedicado.,Ritual de spa relajante con técnicas manuales en ambiente preparado para descanso.,Sesión de spa,Técnicas manuales,Mayores de 12 años,relajación,bienestar,descanso,suave,Actividad en entorno interior.,Ropa cómoda,—,Llegar puntual,TRUE,TRUE,Bogotá,relax,indoor,media,relajado,corporal,(vide),(vide),cuerpo
Ohlala Agape SPA,Ritual de spa corporal con masaje relajante,bienestar,spa,4.910799259,-74.03046478,60,duo,Bogotá,Cercana,https://images.pexels.com/photos/23916836/pexels-photo-23916836.png,Elegimos este ritual por la combinación de masaje y ambiente de spa. Representa un momento de pausa enfocado en la relajación corporal.,Ritual de spa corporal con masaje relajante en entorno de bienestar.,Sesión corporal,Sesión de masaje,Mayores de 12 años,relajación,bienestar,descanso,suave,Actividad en entorno interior.,Ropa cómoda,—,Llegar puntual,TRUE,TRUE,Bogotá,relax,indoor,media,relajado,corporal,(vide),(vide),cuerpo
Niddo Welness,Ritual de bienestar integral con terapias corporales,bienestar,spa,5.114856093,-73.78225725,60,duo,Cundi Norte,Cercana,https://images.pexels.com/photos/23916836/pexels-photo-23916836.png,Incluimos este ritual por su enfoque integral en terapias corporales. Es una experiencia que reúne distintas formas de cuidado físico.,Ritual de bienestar integral con terapias corporales para favorecer equilibrio físico.,Sesión terapéutica,Espacio de bienestar,Mayores de 12 años,relajación,bienestar,equilibrio,suave,Actividad en entorno interior.,Ropa cómoda,—,Seguir indicaciones,TRUE,TRUE,Bogotá,relax,indoor,media,relajado,corporal,(vide),(vide),cuerpo
Hotel Spa La Casa Del Agua,Noche en hotel spa con entorno natural,estancias,hotel_stay,4.717609722,-73.96171668,60,duo,Cundi Norte,Cercana,https://images.pexels.com/photos/1001965/pexels-photo-1001965.jpeg,Seleccionamos este hotel por integrar estadía y servicios de spa en entorno natural. Representa un descanso con foco en el cuidado corporal.,Noche en hotel spa con entorno natural para combinar descanso y bienestar.,Noche de alojamiento,Acceso a spa,Mayores de 12 años,relajación,descanso,bienestar,suave,Depende de condiciones del entorno.,Ropa cómoda,—,Llegar puntual,TRUE,TRUE,Cundi Norte,relax,outdoor,larga,relajado,corporal,(vide),(vide),cuerpo
Centro de Meditación Kadampa (Retiros en Fómeque),Retiro de meditación guiada en entorno natural,bienestar,meditation,4.507939747,-73.90406411,60,solo,Cundi Oriente,Cercana,https://www.pexels.com/fr-fr/photo/gens-personnes-individus-yoga-5890302/,Elegimos este retiro por el entorno natural que acompaña la práctica de meditación guiada. Es un plan donde el ritmo pausado y la atención plena marcan la experiencia.,Retiro de meditación guiada en entorno natural para favorecer descanso mental y desconexión.,Sesión guiada,Espacio de retiro,Mayores de 12 años,descanso,bienestar,desconexión,suave,Actividad sujeta a condiciones del entorno.,Ropa cómoda,Abrigo ligero,Ambiente de silencio,Llegar puntual,TRUE,Bogotá,relax,outdoor,media,relajado,interior,(vide),(vide),entorno
"Cúspide Lodge - Choachí (Yoga, Jacuzzi y Masajes)",Retiro de bienestar con yoga + jacuzzi,bienestar,meditation,4.529863051,-73.93289948,60,solo,Cundi Oriente,Cercana,https://www.pexels.com/fr-fr/photo/gens-personnes-individus-yoga-5890302/,"Seleccionamos este espacio por la combinación de movimiento consciente, descanso y entorno de montaña. Representa una pausa de bienestar con distintas formas de cuidado corporal.",Retiro de bienestar con prácticas de yoga y espacios de relajación en entorno natural de montaña.,Sesión de yoga,Acceso a zonas de relajación,Mayores de 12 años,descanso,desconexión,naturaleza,suave,Depende de condiciones del entorno.,Ropa cómoda,Abrigo ligero,Ambiente de tranquilidad,Llegar puntual,TRUE,Bogotá,relax,outdoor,media,relajado,interior,(vide),(vide),entorno
Sukha Resort.,Retiro de bienestar con spa en entorno natural,bienestar,meditation,4.680015507,-74.00279652,60,duo,Bogotá,Cercana,https://www.pexels.com/fr-fr/photo/gens-personnes-individus-yoga-5890302/,Elegimos este retiro por el entorno natural que acompaña las actividades de bienestar. Representa una pausa donde espacio y cuidado corporal se integran.,Retiro de bienestar con acceso a spa en entorno natural pensado para desconexión.,Acceso a spa,Espacios de relajación,Mayores de 12 años,descanso,naturaleza,bienestar,suave,Depende de condiciones del entorno.,Ropa cómoda,Abrigo ligero,Ambiente de tranquilidad,TRUE,TRUE,Bogotá,relax,indoor,media,relajado,interior,(vide),(vide),entorno
Teatro Libre Sede Centro,Obra teatral clásica en sala histórica,cultura,theater,4.597353323,-74.07017057,60,solo,Bogotá,Cercana,https://images.pexels.com/photos/1049746/pexels-photo-1049746.jpeg,"Elegimos esta obra por la forma en que el teatro clásico se mantiene vigente en un espacio con historia escénica. Es una experiencia que conecta texto, interpretación y sala de manera directa.",Disfruta una obra teatral clásica en sala histórica dedicada a las artes escénicas.,Entrada a función,Espacio cultural,Mayores de 8 años,cultura,teatro,arte,suave,Actividad en entorno interior.,Ropa cómoda,—,Llegar puntual,TRUE,TRUE,Bogotá,relax,indoor,media,relajado,interior,(vide),(vide),duradero
Teatro Petra,Función de teatro contemporáneo en sala,cultura,theater,4.62729587,-74.07003635,60,solo,Bogotá,Cercana,https://images.pexels.com/photos/1049746/pexels-photo-1049746.jpeg,Incluimos esta función por su apuesta por el teatro contemporáneo en formato cercano. Es un plan donde la propuesta escénica y la interpretación toman el centro.,Función de teatro contemporáneo en sala dedicada a propuestas escénicas actuales.,Entrada a función,Espacio cultural,Mayores de 12 años,cultura,teatro,arte,suave,Actividad en entorno interior.,Ropa cómoda,—,Llegar puntual,TRUE,TRUE,Bogotá,social,indoor,media,relajado,interior,(vide),(vide),duradero
Casa E Borrero,Obra teatral independiente en espacio escénico,cultura,theater,4.632185093,-74.0753911,60,solo,Bogotá,Cercana,https://images.pexels.com/photos/1049746/pexels-photo-1049746.jpeg,Elegimos este espacio por su impulso al teatro independiente y las propuestas escénicas actuales. Representa la creación teatral desde formatos más íntimos.,Obra teatral independiente en espacio escénico enfocado en propuestas artísticas alternativas.,Entrada a función,Espacio cultural,Mayores de 12 años,cultura,teatro,arte,suave,Actividad en entorno interior.,Ropa cómoda,—,Puntualidad requerida,TRUE,TRUE,Bogotá,cultural,indoor,media,relajado,interior,(vide),(vide),duradero
Teatro Libre Chapinero,Obra teatral contemporánea en sala cultural,cultura,theater,4.648344055,-74.06275676,60,solo,Bogotá,Cercana,https://images.pexels.com/photos/1049746/pexels-photo-1049746.jpeg,Elegimos esta obra por la programación contemporánea en una sala dedicada al teatro. Es una experiencia escénica pensada para el encuentro con la obra.,Obra teatral contemporánea en sala cultural dedicada a artes escénicas.,Entrada a función,Espacio cultural,Mayores de 12 años,cultura,teatro,arte,suave,Actividad en entorno interior.,Ropa cómoda,—,Puntualidad requerida,TRUE,TRUE,Bogotá,social,indoor,media,relajado,interior,(vide),(vide),duradero
Shambhala El Retiro Ecohotel,Retiro ecológico en hotel rodeado de montaña,estancias,eco_lodge,4.586366227,-74.42802728,60,duo,Cundi Sur,Cercana,https://images.pexels.com/photos/35072710/pexels-photo-35072710.jpeg,Elegimos este ecohotel por su integración con paisaje de montaña. Es una experiencia de descanso donde entorno y estadía se conectan.,Retiro ecológico en hotel rodeado de montaña enfocado en descanso y tranquilidad.,Noche de alojamiento,Espacios naturales,Mayores de 10 años,descanso,naturaleza,desconexión,suave,Depende de condiciones del entorno.,Ropa cómoda,Abrigo para clima frío,Ambiente de tranquilidad,TRUE,TRUE,Cundi Sur,relax,outdoor,larga,relajado,interior,(vide),(vide),entorno
Satori,Retiro de descanso en entorno natural sereno,estancias,eco_lodge,4.859875635,-74.07873075,60,duo,Cundi Norte,Cercana,https://www.pexels.com/fr-fr/photo/detente-relaxation-chaises-terrasse-19473921/,Seleccionamos este retiro por su ambiente sereno en entorno natural. Representa una pausa enfocada en el descanso.,Retiro de descanso en entorno natural sereno enfocado en tranquilidad y desconexión.,Noche de alojamiento,Espacio natural,Mayores de 10 años,descanso,naturaleza,desconexión,suave,Depende de condiciones del entorno.,Ropa cómoda,Abrigo ligero,Ambiente tranquilo,TRUE,TRUE,Cundi Norte,relax,outdoor,larga,relajado,interior,(vide),(vide),entorno
Wachuma San Pedro,Retiro espiritual en entorno natural tranquilo,estancias,eco_lodge,4.907037838,-74.11603388,60,duo,Cundi Norte,Cercana,https://www.pexels.com/fr-fr/photo/detente-relaxation-chaises-terrasse-19473921/,Incluimos este retiro por su carácter espiritual en paisaje natural. Representa una experiencia de introspección acompañada por el entorno.,Retiro espiritual en entorno natural tranquilo enfocado en descanso interior.,Sesión guiada,Espacio natural,Mayores de 18 años,bienestar,desconexión,reflexión,suave,Depende de condiciones del entorno.,Ropa cómoda,Abrigo ligero,Ambiente de tranquilidad,TRUE,TRUE,Cundi Norte,relax,indoor,larga,relajado,interior,(vide),(vide),duradero
Manodeoso,Retiro de descanso en entorno natural aislado,estancias,eco_lodge,5.10108907,-73.78049008,60,duo,Cundi Norte,Cercana,https://images.pexels.com/photos/13539139/pexels-photo-13539139.jpeg,Incluimos este retiro por su sensación de aislamiento en entorno natural. Representa una pausa lejos del ritmo cotidiano.,Retiro de descanso en entorno natural aislado para desconexión profunda.,Noche de alojamiento,Espacio natural,Mayores de 10 años,descanso,naturaleza,desconexión,suave,Depende de condiciones del entorno.,Ropa cómoda,Abrigo ligero,Señal limitada,TRUE,TRUE,Cundi Norte,"romántico,relax",outdoor,larga,relajado,interior,(vide),(vide),entorno
La Masía Hotel Boutique,Noche en hotel boutique de estilo rural,estancias,hotel_stay,4.575356509,-74.52935736,60,duo,Cundi Occidente,Cercana,https://images.pexels.com/photos/1001965/pexels-photo-1001965.jpeg,Valoramos este hotel por su estilo rural aplicado a la estadía boutique. Es un plan de descanso con carácter arquitectónico propio.,Noche en hotel boutique de estilo rural para descansar en entorno campestre.,Noche de alojamiento,Habitación equipada,Mayores de 8 años,descanso,naturaleza,desconexión,suave,Depende de condiciones del entorno.,Ropa cómoda,Abrigo ligero,Llegar antes del anochecer,TRUE,TRUE,Cundi Occidente,"romántico,relax",indoor,larga,relajado,interior,(vide),(vide),entorno
Hospedaje La Casona,Estadía tradicional en casa rural histórica,estancias,hotel_stay,4.917303184,-74.09705073,60,duo,Cundi Norte,Cercana,https://images.pexels.com/photos/1001965/pexels-photo-1001965.jpeg,Elegimos esta casa por su arquitectura tradicional y carácter histórico. Es una estadía que conecta con lo patrimonial.,Estadía tradicional en casa rural histórica para descanso en entorno campestre.,Noche de alojamiento,Habitación equipada,Mayores de 8 años,descanso,tradición,naturaleza,suave,Depende de condiciones del entorno.,Ropa cómoda,Abrigo ligero,Llegar antes del anochecer,TRUE,TRUE,Cundi Norte,"romántico,relax",outdoor,larga,relajado,interior,(vide),(vide),entorno
Prudencia,Cena de autor con ingredientes locales,gastro,dining,4.595751971,-74.07069031,60,duo,Bogotá,Cercana,https://images.pexels.com/photos/4255484/pexels-photo-4255484.jpeg,Seleccionamos esta mesa por el uso de ingredientes locales dentro de una propuesta de autor. Es un plan donde producto y técnica se equilibran.,Cena de autor con ingredientes locales en experiencia gastronómica guiada.,Cena guiada,Bebida incluida,Mayores de 12 años,gastronomía,descubrimiento,encuentro,suave,Actividad en entorno interior.,Ropa cómoda,—,Puntualidad requerida,TRUE,TRUE,Bogotá,romántico,indoor,media,relajado,interior,(vide),(vide),duradero
EL AQUELARRE,Cena de cocina creativa en ambiente íntimo,gastro,dining,4.595992999,-74.07164696,60,duo,Bogotá,Cercana,https://images.pexels.com/photos/4255484/pexels-photo-4255484.jpeg,Incluimos esta experiencia por su formato íntimo y enfoque creativo en cocina. Representa una cena donde el detalle y el ambiente tienen peso.,Cena de cocina creativa en ambiente íntimo enfocada en sabores contemporáneos.,Cena,Espacio restaurante,Mayores de 12 años,gastronomía,encuentro,experiencia,suave,Actividad en entorno interior.,Ropa cómoda,—,Llegar puntual,TRUE,TRUE,Bogotá,romántico,indoor,media,relajado,interior,(vide),(vide),duradero
Salvo Patria,Cena de cocina colombiana contemporánea,gastro,dining,4.6434828,-74.06010706,60,duo,Bogotá,Cercana,https://images.pexels.com/photos/4255484/pexels-photo-4255484.jpeg,Seleccionamos esta mesa por su mirada contemporánea sobre la cocina colombiana. Representa la reinterpretación del producto local.,Cena de cocina colombiana contemporánea enfocada en ingredientes locales.,Cena,Espacio restaurante,Mayores de 10 años,gastronomía,encuentro,descubrimiento,suave,Actividad en entorno interior.,Ropa cómoda,—,Puntualidad requerida,TRUE,TRUE,Bogotá,romántico,indoor,media,relajado,interior,(vide),(vide),duradero
Mesa Franca,Cena de autor con menú cambiante,gastro,dining,4.646150609,-74.06012933,60,duo,Bogotá,Cercana,https://images.pexels.com/photos/10557030/pexels-photo-10557030.jpeg,Seleccionamos esta mesa por su menú cambiante guiado por la propuesta del chef. Representa la cocina como proceso en evolución.,Cena de autor con menú cambiante según temporada e ingredientes.,Cena guiada,Bebida incluida,Mayores de 12 años,gastronomía,descubrimiento,experiencia,suave,Actividad en entorno interior.,Ropa cómoda,—,Puntualidad requerida,TRUE,TRUE,Bogotá,social,indoor,media,relajado,interior,(vide),(vide),duradero
El Chato,Cena de autor con ingredientes locales,gastro,dining,4.647977827,-74.05706195,60,duo,Bogotá,Cercana,https://images.pexels.com/photos/10557030/pexels-photo-10557030.jpeg,Elegimos esta cena por su trabajo de autor con ingredientes locales. Representa una mirada contemporánea al producto colombiano.,Cena de autor centrada en ingredientes locales y cocina contemporánea.,Cena guiada,Bebida incluida,Mayores de 12 años,gastronomía,descubrimiento,experiencia,suave,Actividad en entorno interior.,Ropa cómoda,—,Llegar puntual,TRUE,TRUE,Bogotá,romántico,indoor,media,relajado,interior,(vide),(vide),duradero
LEO,Cena de cocina colombiana de origen,gastro,dining,4.64806802,-74.05642557,60,duo,Bogotá,Cercana,https://images.pexels.com/photos/10557030/pexels-photo-10557030.jpeg,Seleccionamos esta mesa por su investigación sobre cocinas de origen en Colombia. Es una experiencia donde territorio y cocina se conectan.,Cena de cocina colombiana de origen enfocada en territorio e ingredientes.,Cena guiada,Bebida incluida,Mayores de 12 años,gastronomía,cultura,descubrimiento,suave,Actividad en entorno interior.,Ropa cómoda,—,Puntualidad requerida,TRUE,TRUE,Bogotá,romántico,indoor,media,relajado,interior,(vide),(vide),duradero
Tierra Chapinero,Cena de cocina vegetal de temporada,gastro,dining,4.648837333,-74.0569213,60,duo,Bogotá,Cercana,https://images.pexels.com/photos/10557030/pexels-photo-10557030.jpeg,Valoramos esta propuesta por su cocina vegetal de temporada. Representa un plan donde el ingrediente vegetal es protagonista.,Cena de cocina vegetal de temporada con enfoque en ingredientes frescos.,Cena,Espacio restaurante,Mayores de 10 años,gastronomía,saludable,encuentro,suave,Actividad en entorno interior.,Ropa cómoda,—,Llegar puntual,TRUE,TRUE,Bogotá,social,indoor,media,relajado,interior,(vide),(vide),duradero
Harry Sasson,Cena de autor con técnica francesa clásica,gastro,dining,4.659329706,-74.05458626,60,duo,Bogotá,Cercana,https://images.pexels.com/photos/10557030/pexels-photo-10557030.jpeg,Seleccionamos esta mesa por su cocina de autor con técnica francesa clásica. Representa la tradición europea desde una mirada local.,Cena de autor con técnica francesa clásica y enfoque en ingredientes de calidad.,Cena,Espacio restaurante,Mayores de 12 años,gastronomía,descubrimiento,experiencia,suave,Actividad en entorno interior.,Ropa cómoda,—,Puntualidad requerida,TRUE,TRUE,Bogotá,romántico,indoor,media,relajado,interior,(vide),(vide),duradero
Restaurante Pajares Salinas,Cena española tradicional de alta cocina,gastro,dining,4.678856769,-74.04419309,60,duo,Bogotá,Cercana,https://images.pexels.com/photos/35452249/pexels-photo-35452249.jpeg,Incluimos esta mesa por su cocina española tradicional de alto nivel técnico. Es una experiencia ligada a recetas clásicas.,Cena española tradicional de alta cocina con recetas clásicas.,Cena,Espacio restaurante,Mayores de 12 años,gastronomía,cultura,encuentro,suave,Actividad en entorno interior.,Ropa cómoda,—,Puntualidad requerida,TRUE,TRUE,Bogotá,romántico,indoor,media,relajado,interior,(vide),(vide),duradero
Galenos Restaurante,Cena mediterránea con cocina de autor,gastro,dining,4.680591622,-74.05718727,60,duo,Bogotá,Cercana,https://images.pexels.com/photos/35452249/pexels-photo-35452249.jpeg,Elegimos esta propuesta por su cocina mediterránea de autor. Representa una mirada personal a esa tradición culinaria.,Cena mediterránea con cocina de autor enfocada en ingredientes frescos.,Cena,Espacio restaurante,Mayores de 12 años,gastronomía,encuentro,experiencia,suave,Actividad en entorno interior.,Ropa cómoda,—,Llegar puntual,TRUE,TRUE,Bogotá,romántico,indoor,media,relajado,interior,(vide),(vide),duradero
Oda Restaurante 🇨🇴,Cena de cocina colombiana contemporánea,gastro,dining,4.718743537,-74.03605915,60,duo,Bogotá,Cercana,https://images.pexels.com/photos/35452281/pexels-photo-35452281.jpeg,Seleccionamos esta mesa por su mirada contemporánea sobre la cocina colombiana. Representa el producto local en formato actual.,Cena de cocina colombiana contemporánea enfocada en ingredientes locales.,Cena,Espacio restaurante,Mayores de 10 años,gastronomía,cultura,encuentro,suave,Actividad en entorno interior.,Ropa cómoda,—,Puntualidad requerida,TRUE,TRUE,Bogotá,social,indoor,media,relajado,interior,(vide),(vide),duradero
INDULTO Restaurante bistró & café,Cena bistró contemporánea con café de autor,gastro,dining,5.021999285,-74.00433436,60,duo,Cundi Norte,Cercana,https://images.pexels.com/photos/35452281/pexels-photo-35452281.jpeg,Elegimos este bistró por su cocina contemporánea acompañada de café de autor. Es un plan que une comida y cultura cafetera.,Cena bistró contemporánea acompañada de café de autor en ambiente acogedor.,Cena,Espacio restaurante,Mayores de 10 años,gastronomía,encuentro,experiencia,suave,Actividad en entorno interior.,Ropa cómoda,—,Llegar puntual,TRUE,TRUE,Cundi Norte,social,indoor,media,relajado,interior,(vide),(vide),duradero
Senda Nativa Cuadrimoto NATURALEZA Y AVENTURA,Ruta en cuatrimoto por senderos naturales,aventura,buggy,4.912786776,-73.89719801,60,solo,Cundi Norte,Cercana,https://images.pexels.com/photos/31234079/pexels-photo-31234079.jpeg,Incluimos esta ruta por el recorrido sobre senderos naturales. Es un plan de conducción en entorno abierto.,Ruta en cuatrimoto por senderos naturales para experimentar conducción en entorno abierto.,Uso de cuatrimoto,Recorrido guiado,Mayores de 18 años,Saber conducir,motor,aventura,terreno natural,alto,La actividad puede ajustarse según condiciones climáticas.,Ropa cómoda,Calzado cerrado,Seguir indicaciones de seguridad,Llegar puntual,Bogotá,adrenalina,outdoor,media,activo,(vide),manual,(vide),crear
Cabalgatas Trote y Galope en La Calera,Cabalgata guiada con tramos de trote controlado,aventura,horseback,4.716900983,-73.97862955,60,solo,Cundi Norte,Cercana,https://images.pexels.com/photos/8968513/pexels-photo-8968513.jpeg,Elegimos esta cabalgata por la combinación de ritmos durante el recorrido. Es un plan donde la dinámica del desplazamiento hace parte de la experiencia.,Cabalgata guiada con tramos de trote controlado en recorrido de montaña con acompañamiento.,Cabalgata guiada,Recorrido por senderos,Mayores de 10 años,naturaleza,experiencia ecuestre,aire libre,medio,La realización depende de condiciones climáticas y puede ajustarse según indicación del operador.,Ropa cómoda,Pantalón largo,Actividad al aire libre,Seguir indicaciones del guía,TRUE,Bogotá,adrenalina,outdoor,media,activo,(vide),manual,(vide),crear
ELEPHANT Moto : Colombia,Ruta guiada en moto por carretera escénica,aventura,motorbike,4.662162913,-74.06371548,60,solo,Bogotá,Cercana,https://images.pexels.com/photos/15817066/pexels-photo-15817066.jpeg?_gl=1*lw420d*_ga*NDI2NDg4NDQzLjE3Njk2MDkxNzY.*_ga_8JE65Q40S6*czE3NzA4NTg1OTckbzckZzEkdDE3NzA4NjEzMjEkajE3JGwwJGgw,Nos gusta esta ruta porque combina conducción en carretera con paisajes abiertos. Es una experiencia pensada para disfrutar el trayecto con acompañamiento guiado.,Ruta guiada en moto por carretera escénica para disfrutar la conducción acompañada.,Ruta guiada | Acompañamiento,Saber conducir moto | Mayores de 18 años,motor | recorrido | experiencia guiada,alto,La actividad puede ajustarse según condiciones climáticas.,Ropa cómoda | Calzado cerrado,Actividad en carretera | Seguir indicaciones del guía | Puntualidad,TRUE,TRUE,TRUE,1,TRUE,Cupos sujetos a validación previa,Bogotá,adrenalina,outdoor,media,activo,(vide),manual,(vide),duradero
The Art Studio,Taller práctico de pintura en estudio artístico,cultura,art_workshop,4.703714513,-74.03228784,60,solo,Bogotá,Cercana,https://www.pexels.com/fr-fr/photo/34059834/,Elegimos este taller por la práctica directa de pintura en estudio. Representa la creación plástica como ejercicio guiado.,Taller práctico de pintura en estudio artístico para explorar técnicas visuales.,Taller guiado,Materiales básicos,Mayores de 10 años,creatividad,arte,cultura,suave,Actividad en entorno interior.,Ropa cómoda,—,Participación activa,TRUE,TRUE,Bogotá,relax,indoor,media,activo,(vide),manual,(vide),crear
Atelier Olfativo,Taller de creación de perfume personalizado,cultura,perfume,4.653634637,-74.06021278,60,solo,Bogotá,Cercana,https://www.pexels.com/fr-fr/photo/bouteille-fragrance-parfum-nature-morte-15007549/,Seleccionamos este taller por la posibilidad de construir un perfume propio desde la exploración de esencias. Representa el olfato como herramienta creativa.,Taller de creación de perfume personalizado para explorar aromas y composición.,Taller guiado,Materiales básicos,Mayores de 12 años,creatividad,cultura,experiencia sensorial,suave,Actividad en entorno interior.,Ropa cómoda,—,Seguir indicaciones,TRUE,TRUE,Bogotá,"relax,romántico",indoor,media,activo,(vide),manual,(vide),crear
Taller Kakaw,Taller de cacao y chocolate artesanal,gastro,chef_hat,4.624926934,-74.07131183,60,duo,Bogotá,Cercana,https://images.pexels.com/photos/2977514/pexels-photo-2977514.jpeg,Valoramos este taller por el trabajo con cacao desde la materia prima. Es un plan donde el proceso artesanal se vive paso a paso.,Taller práctico de cacao para conocer procesos y preparar chocolate artesanal.,Taller guiado,Materiales básicos,Mayores de 8 años,aprendizaje,gastronomía,experiencia,suave,Actividad en entorno interior.,Ropa cómoda,—,Participación activa,TRUE,TRUE,Bogotá,social,indoor,media,activo,(vide),manual,(vide),crear
Taller de pastelería Victor Araque,Taller práctico de pastelería artesanal,gastro,chef_hat,4.651953102,-74.06015417,60,duo,Bogotá,Cercana,https://images.pexels.com/photos/2977514/pexels-photo-2977514.jpeg,Seleccionamos este taller por la práctica directa de técnicas de pastelería. Es un plan donde el aprendizaje se da en la elaboración.,Taller práctico de pastelería artesanal para aprender técnicas básicas.,Taller guiado,Materiales básicos,Mayores de 10 años,aprendizaje,gastronomía,experiencia,suave,Actividad en entorno interior.,Ropa cómoda,—,Participación activa,TRUE,TRUE,Bogotá,social,indoor,media,activo,(vide),manual,(vide),crear
El Taller de Debbie,Taller de repostería creativa paso a paso,gastro,chef_hat,4.663002113,-74.05761467,60,duo,Bogotá,Cercana,https://images.pexels.com/photos/2977514/pexels-photo-2977514.jpeg,Incluimos este taller por su enfoque práctico en repostería creativa. Es un plan donde aprender y preparar van juntos.,Taller de repostería creativa con guía paso a paso para preparar recetas dulces.,Taller guiado,Materiales básicos,Mayores de 10 años,aprendizaje,gastronomía,experiencia,suave,Actividad en entorno interior.,Ropa cómoda,—,Participación activa,TRUE,TRUE,Bogotá,social,indoor,media,activo,(vide),manual,(vide),crear
Juliana Salazar Taller Culinario,Taller culinario práctico con chef,gastro,chef_hat,4.700498622,-74.05851969,60,duo,Bogotá,Cercana,https://images.pexels.com/photos/1267320/pexels-photo-1267320.jpeg,Elegimos este taller por la práctica culinaria directa con guía profesional. Es un plan centrado en aprender haciendo.,Taller culinario práctico con chef para aprender técnicas de cocina.,Taller guiado,Materiales básicos,Mayores de 10 años,aprendizaje,gastronomía,experiencia,suave,Actividad en entorno interior.,Ropa cómoda,—,Participación activa,TRUE,TRUE,Bogotá,social,indoor,media,activo,(vide),manual,(vide),crear
La Chef Zerpa - Cursos y Catering,Taller de cocina y técnicas culinarias,gastro,chef_hat,4.716849461,-74.03430106,60,duo,Bogotá,Cercana,https://images.pexels.com/photos/1267320/pexels-photo-1267320.jpeg,Elegimos este taller por su enfoque en técnicas culinarias prácticas. Es una experiencia de aprendizaje guiado en cocina.,Taller de cocina con técnicas culinarias para aprender preparación de recetas.,Taller guiado,Materiales básicos,Mayores de 10 años,aprendizaje,gastronomía,experiencia,suave,Actividad en entorno interior.,Ropa cómoda,—,Participación activa,TRUE,TRUE,Bogotá,social,indoor,media,activo,(vide),manual,(vide),crear
Koocina Lab,Taller de cocina práctica en laboratorio culinario,gastro,chef_hat,4.721476913,-74.04196677,60,duo,Bogotá,Cercana,https://images.pexels.com/photos/1267320/pexels-photo-1267320.jpeg,Valoramos este laboratorio por su enfoque práctico en cocina experimental. Es un plan donde la técnica se explora directamente.,Taller de cocina práctica en laboratorio culinario con enfoque experimental.,Taller guiado,Materiales básicos,Mayores de 12 años,aprendizaje,gastronomía,experiencia,suave,Actividad en entorno interior.,Ropa cómoda,—,Participación activa,TRUE,TRUE,Bogotá,social,indoor,media,activo,(vide),manual,(vide),crear
Taste Kitchen Club,Taller gastronómico práctico con chef invitado,gastro,chef_hat,4.867221238,-74.04314531,60,duo,Bogotá,Cercana,https://images.pexels.com/photos/1267320/pexels-photo-1267320.jpeg,Incluimos este taller por el formato práctico con chef invitado. Representa la cocina como espacio compartido de aprendizaje.,Taller gastronómico práctico con chef invitado para aprender recetas.,Taller guiado,Materiales básicos,Mayores de 12 años,aprendizaje,gastronomía,experiencia,suave,Actividad en entorno interior.,Ropa cómoda,—,Participación activa,TRUE,TRUE,Cundi Occidente,romántico,indoor,media,activo,(vide),manual,(vide),crear
Pizza School,Taller práctico de elaboración de pizza,gastro,pizza_class,4.674495786,-74.05371308,60,duo,Bogotá,Cercana,https://www.pexels.com/fr-fr/photo/pizza-mains-chef-fromage-9685263/,Seleccionamos este taller por la elaboración práctica de pizza paso a paso. Es un plan donde la cocina se aprende haciendo.,Taller práctico de elaboración de pizza con guía paso a paso.,Taller guiado,Materiales básicos,Mayores de 8 años,aprendizaje,gastronomía,experiencia,suave,Actividad en entorno interior.,Ropa cómoda,—,Participación activa,TRUE,TRUE,Bogotá,social,indoor,media,activo,(vide),manual,(vide),crear
SUSHI SCHOOL BOGOTÁ,Taller práctico de preparación de sushi,gastro,sushi_class,4.641170771,-74.06830524,60,duo,Bogotá,Cercana,https://images.pexels.com/photos/8951107/pexels-photo-8951107.jpeg,Elegimos este taller por la preparación práctica de sushi guiada. Representa la cocina japonesa desde el aprendizaje activo.,Taller práctico de preparación de sushi con guía paso a paso.,Taller guiado,Materiales básicos,Mayores de 10 años,aprendizaje,gastronomía,experiencia,suave,Actividad en entorno interior.,Ropa cómoda,—,Seguir indicaciones,TRUE,TRUE,Bogotá,social,indoor,media,activo,(vide),manual,(vide),crear
Break Time Colombia,Sala de escape inmersiva con retos en equipo,aventura,escape_room,4.681356801,-74.0487675,60,solo,Bogotá,Cercana,https://images.pexels.com/photos/17790678/pexels-photo-17790678.jpeg,Seleccionamos esta sala por el diseño de retos colaborativos y la dinámica en equipo. Es un plan donde la interacción y la lógica marcan la experiencia.,Resuelve retos en equipo en una sala de escape inmersiva donde la lógica y la colaboración son clave.,Sala de escape,Experiencia inmersiva,Mayores de 10 años,equipo,retos,lógica,suave,Actividad en entorno interior.,Ropa cómoda,—,Trabajo colaborativo,Puntualidad requerida,TRUE,Bogotá,adrenalina,indoor,media,activo,(vide),mental,(vide),comprender
Clases de Golf y Campo de Practica - Montepincio Golf,Clase guiada de golf + práctica en campo,aventura,golf,4.946615137,-74.02182475,60,solo,Cundi Norte,Cercana,https://images.pexels.com/photos/9207654/pexels-photo-9207654.jpeg,Seleccionamos esta clase por la combinación de instrucción y práctica. Es un plan que une técnica y aplicación en campo.,Clase guiada de golf combinada con práctica en campo para trabajar técnica y aplicación.,Clase guiada,Uso de zona de práctica,Mayores de 8 años,aprendizaje,técnica,deporte,suave,Depende de condiciones climáticas.,Ropa cómoda,Calzado deportivo,Enfocado en práctica,Llegar puntual,TRUE,Bogotá,adrenalina,outdoor,media,activo,(vide),mental,(vide),comprender
colectivoclandestinocol,Taller creativo de arte experimental colectivo,cultura,art_workshop,4.663440312,-74.05073991,60,solo,Bogotá,Cercana,https://images.pexels.com/photos/22823/pexels-photo.jpg,Incluimos este taller por su enfoque en creación artística colectiva y experimental. Representa el arte como proceso compartido.,Taller creativo de arte experimental colectivo para explorar expresión artística.,Taller guiado,Materiales básicos,Mayores de 12 años,creatividad,arte,cultura,suave,Actividad en entorno interior.,Ropa cómoda,—,Participación activa,TRUE,TRUE,Bogotá,social,indoor,media,activo,(vide),mental,(vide),comprender
Cine Club El Muro,Proyección de cine independiente + conversatorio,cultura,cinema,4.64176585,-74.0638146,60,solo,Bogotá,Cercana,https://images.pexels.com/photos/7991318/pexels-photo-7991318.jpeg,Seleccionamos esta proyección por el enfoque en cine independiente acompañado de conversación. Es un plan donde la película continúa más allá de la pantalla.,Proyección de cine independiente acompañada de conversatorio cultural.,Entrada a proyección,Espacio cultural,Mayores de 12 años,cultura,cine,reflexión,suave,Actividad en entorno interior.,Ropa cómoda,—,Llegar puntual,TRUE,TRUE,Bogotá,social,indoor,media,activo,(vide),mental,(vide),comprender
Master Beer Planta Cervecera,Recorrido por planta cervecera + degustación,gastro,beer_tasting,4.73659997,-74.02427463,60,duo,Bogotá,Cercana,https://images.pexels.com/photos/1267684/pexels-photo-1267684.jpeg,Incluimos este recorrido por mostrar el proceso de elaboración de cerveza junto a la degustación. Representa la bebida desde su producción.,Recorrido por planta cervecera con degustación guiada de productos.,Recorrido guiado,Degustación incluida,Mayores de 18 años,gastronomía,cultura,experiencia,suave,Actividad en entorno interior.,Ropa cómoda,—,Consumo responsable,TRUE,TRUE,Bogotá,social,indoor,media,activo,(vide),mental,(vide),comprender
Gran Aroma Bogotá - Perfumes de nicho,Cata guiada de perfumes de autor,cultura,perfume,4.666456242,-74.05461608,60,solo,Bogotá,Cercana,https://www.pexels.com/fr-fr/photo/bouteille-fragrance-parfum-nature-morte-15007549/,Elegimos esta cata por la exploración guiada de perfumes de autor. Es una experiencia que desarrolla el olfato desde la comparación y el detalle.,Cata guiada de perfumes de autor para descubrir aromas y composiciones.,Cata guiada,Material de muestra,Mayores de 18 años,cultura,experiencia sensorial,descubrimiento,suave,Actividad en entorno interior.,Ropa cómoda,—,Llegar puntual,TRUE,TRUE,Bogotá,social,indoor,media,activo,(vide),sensorial,(vide),comprender
GOGI Korean BBQ,Parrilla coreana con experiencia BBQ en mesa,gastro,bbq,4.674543701,-74.04824129,60,duo,Bogotá,Cercana,https://images.pexels.com/photos/12261087/pexels-photo-12261087.jpeg,Incluimos esta experiencia por la parrilla coreana en mesa. Es un plan interactivo donde la preparación hace parte del momento.,Parrilla coreana con experiencia BBQ en mesa para compartir.,Cena,Espacio restaurante,Mayores de 10 años,gastronomía,encuentro,experiencia,suave,Actividad en entorno interior.,Ropa cómoda,—,Puntualidad requerida,TRUE,TRUE,Bogotá,social,indoor,media,activo,(vide),sensorial,(vide),inmediato
Lino Brewing Company SAS,Cata de cerveza artesanal en cervecería,gastro,beer_tasting,4.703251398,-74.1912051,60,duo,Bogotá,Cercana,https://images.pexels.com/photos/1267684/pexels-photo-1267684.jpeg,Incluimos esta cata por el enfoque en cerveza artesanal dentro de la cervecería. Representa la bebida desde su lugar de producción.,Cata de cerveza artesanal en cervecería para descubrir estilos locales.,Cata guiada,Bebidas incluidas,Mayores de 18 años,gastronomía,cultura,experiencia,suave,Actividad en entorno interior.,Ropa cómoda,—,Consumo responsable,TRUE,TRUE,Bogotá,social,indoor,media,activo,(vide),sensorial,(vide),comprender
Cerveceria 3 Cordilleras Bogotá,Cata de cerveza artesanal con recorrido,gastro,beer_tasting,4.744462366,-74.04413725,60,duo,Bogotá,Cercana,https://images.pexels.com/photos/1267684/pexels-photo-1267684.jpeg,Elegimos esta cata por unir recorrido y degustación de cerveza artesanal. Es una experiencia centrada en el proceso cervecero.,Cata de cerveza artesanal con recorrido por espacio de producción.,Cata guiada,Recorrido incluido,Mayores de 18 años,gastronomía,cultura,experiencia,suave,Actividad en entorno interior.,Ropa cómoda,—,Puntualidad requerida,TRUE,TRUE,Bogotá,social,indoor,media,activo,(vide),sensorial,(vide),comprender
"Green Hops Beer, Cerveceria Artesanal",Cata de cerveza artesanal local guiada,gastro,beer_tasting,4.898932618,-74.05442576,60,duo,Bogotá,Cercana,https://images.pexels.com/photos/1267684/pexels-photo-1267684.jpeg,Seleccionamos esta cata por su enfoque en cerveza artesanal local guiada. Representa el producto desde la degustación comentada.,Cata de cerveza artesanal local guiada para descubrir sabores regionales.,Cata guiada,Bebidas incluidas,Mayores de 18 años,gastronomía,cultura,experiencia,suave,Actividad en entorno interior.,Ropa cómoda,—,Consumo responsable,TRUE,TRUE,Bogotá,social,indoor,media,activo,(vide),sensorial,(vide),comprender
Casa Cuatro experiencias gastronómicas,Cena temática con estaciones gastronómicas,gastro,dining,4.671763558,-74.05284902,60,duo,Bogotá,Cercana,https://images.pexels.com/photos/35452249/pexels-photo-35452249.jpeg,Seleccionamos esta experiencia por su formato de estaciones gastronómicas temáticas. Es un plan donde el recorrido es parte de la comida.,Cena temática con estaciones gastronómicas en experiencia variada.,Cena,Estaciones gastronómicas,Mayores de 12 años,gastronomía,encuentro,experiencia,suave,Actividad en entorno interior.,Ropa cómoda,—,Llegar puntual,TRUE,TRUE,Bogotá,social,indoor,media,activo,(vide),sensorial,(vide),inmediato
Museo Del Tequila,Cata cultural de tequila + recorrido guiado,gastro,glass,4.670715283,-74.05336191,60,solo,Bogotá,Cercana,https://www.pexels.com/fr-fr/photo/bouteille-de-vin-et-verre-a-vin-sur-tonneau-en-bois-4622299/,Valoramos esta experiencia por unir recorrido cultural y cata guiada. Es un plan donde la bebida se entiende desde su contexto y proceso.,Cata cultural de tequila acompañada de recorrido guiado por su historia.,Cata guiada,Recorrido cultural,Mayores de 18 años,cultura,gastronomía,experiencia,suave,Actividad en entorno interior.,Ropa cómoda,—,Consumo responsable,TRUE,TRUE,Bogotá,social,indoor,media,activo,(vide),sensorial,(vide),comprender
Hacienda Coloma Rum & Coffee,Recorrido de café + cata de ron artesanal,gastro,glass,4.34303913,-74.37735437,60,duo,Cundi Sur,Cercana,https://www.pexels.com/fr-fr/photo/bouteille-de-vin-et-verre-a-vin-sur-tonneau-en-bois-4622299/,Seleccionamos este recorrido por unir el café y el ron desde su origen y proceso. Representa una experiencia donde el producto se entiende a través de la cata guiada.,Recorrido de café acompañado de cata de ron artesanal con enfoque cultural.,Recorrido guiado,Cata de bebidas,Mayores de 18 años,cultura,gastronomía,descubrimiento,suave,Actividad en entorno interior.,Ropa cómoda,—,Consumo responsable,TRUE,TRUE,Cundi Sur,social,outdoor,media,activo,(vide),sensorial,(vide),comprender
Momentino Wine Bar,Cata guiada de vinos en bar especializado,gastro,glass,4.645995965,-74.05986496,60,duo,Bogotá,Cercana,https://www.pexels.com/fr-fr/photo/bouteille-de-vin-et-verre-a-vin-sur-tonneau-en-bois-4622299/,Valoramos este bar por la cata guiada de vinos en formato cercano. Es un plan donde la conversación acompaña la copa.,Cata guiada de vinos en bar especializado para explorar aromas y sabores.,Cata guiada,Bebidas incluidas,Mayores de 18 años,gastronomía,cultura,experiencia,suave,Actividad en entorno interior.,Ropa cómoda,—,Consumo responsable,TRUE,TRUE,Bogotá,social,indoor,media,activo,(vide),sensorial,(vide),comprender
Cata Club Bogotá,Cata guiada de bebidas y maridaje,gastro,glass,4.647153014,-74.05976253,60,duo,Bogotá,Cercana,https://www.pexels.com/fr-fr/photo/bouteille-de-vin-et-verre-a-vin-sur-tonneau-en-bois-4622299/,Incluimos esta experiencia por el enfoque en degustación guiada y maridaje. Es un plan donde aprender y probar van de la mano.,Cata guiada de bebidas con maridaje para descubrir combinaciones de sabor.,Cata guiada,Bebidas incluidas,Mayores de 18 años,gastronomía,cultura,experiencia,suave,Actividad en entorno interior.,Ropa cómoda,—,Consumo responsable,TRUE,TRUE,Bogotá,social,indoor,media,activo,(vide),sensorial,(vide),comprender
Tiro con Arco En Bogotá Escuela ULISES ARCHERY,Clase guiada de tiro con arco en campo seguro,aventura,archery,4.736396829,-74.04674847,60,solo,Bogotá,Cercana,https://www.pexels.com/fr-fr/photo/homme-sport-loisirs-cibler-6669170/,Elegimos esta clase por el enfoque técnico en un entorno controlado. Es una experiencia que introduce la disciplina de forma guiada.,Clase guiada de tiro con arco en campo seguro para trabajar precisión y concentración.,Sesión guiada,Uso de equipo,Mayores de 8 años,técnica,concentración,deporte,suave,Actividad al aire libre sujeta a condiciones climáticas.,Ropa cómoda,Calzado cerrado,Seguir indicaciones del instructor,Llegar puntual,TRUE,Bogotá,adrenalina,indoor,media,activo,(vide),tecnico,(vide),crear
Trepando Escalada y Aventura,Sesión de escalada guiada en muro técnico,aventura,climbing,4.642187683,-74.02693635,60,solo,Cundi Norte,Cercana,https://images.pexels.com/photos/1574216/pexels-photo-1574216.jpeg,Elegimos esta sesión por la claridad en la enseñanza y el acompañamiento durante la práctica de escalada. Es una forma segura de acercarse a esta disciplina en un entorno preparado para el reto.,Sesión guiada de escalada en muro técnico con acompañamiento para trabajar fuerza y coordinación.,Uso de muro | Acompañamiento,Buena movilidad | Mayores de 10 años,reto | coordinación | actividad física,alto,Actividad en entorno preparado.,Ropa deportiva | Calzado flexible,Actividad física | Uso de equipo de seguridad | Seguir indicaciones,TRUE,TRUE,TRUE,1,TRUE,Sujeto a disponibilidad de cupos,Bogotá,adrenalina,indoor,media,activo,(vide),tecnico,(vide),crear
Touring & Automóvil Club de Colombia,Práctica de conducción segura en pista técnica,aventura,driving_track,4.689859241,-74.06069553,60,solo,Bogotá,Cercana,https://images.pexels.com/photos/27677091/pexels-photo-27677091.jpeg,Valoramos este espacio por su orientación a la conducción segura en pista técnica. Representa el lado formativo del manejo en entorno controlado.,Practica conducción segura en pista técnica con enfoque en control y maniobras.,Uso de pista,Sesión guiada,Licencia de conducción vigente,Mayores de 18 años,técnica,aprendizaje,alto,La actividad puede ajustarse según condiciones operativas.,Ropa cómoda,Calzado cerrado,Actividad técnica,Puntualidad requerida,TRUE,Bogotá,adrenalina,indoor,media,activo,(vide),tecnico,(vide),comprender
Pista El Reto,Conducción en pista técnica con obstáculos,aventura,driving_track,4.968434101,-73.89916133,60,solo,Cundi Norte,Cercana,https://images.pexels.com/photos/27677091/pexels-photo-27677091.jpeg,Incluimos esta pista por el recorrido con obstáculos y enfoque técnico. Es un plan de conducción en entorno controlado.,Conducción en pista técnica con obstáculos para trabajar control y maniobra del vehículo.,Uso de pista,Sesión guiada,Licencia de conducción vigente,Mayores de 18 años,motor,técnica,precisión,alto,La actividad puede ajustarse según condiciones operativas.,Ropa cómoda,Calzado cerrado,Seguir indicaciones de seguridad,Llegar puntual,Bogotá,adrenalina,outdoor,media,activo,(vide),tecnico,(vide),crear
Federacion de Golf Campo Practica,Sesión de práctica de golf en campo abierto,aventura,golf,4.659579544,-74.08174203,60,solo,Bogotá,Cercana,https://images.pexels.com/photos/9207654/pexels-photo-9207654.jpeg,Valoramos este espacio porque permite trabajar la técnica de forma abierta y accesible. Representa bien el plan de práctica enfocada en el gesto y la repetición.,Sesión de práctica de golf en campo abierto para trabajar técnica y repetición de golpes.,Uso de zona de práctica,Mayores de 8 años,técnica | concentración | deporte,suave,Depende de condiciones climáticas.,Ropa cómoda | Calzado deportivo,Enfocado en práctica | Ritmo individual | Llegar puntual,TRUE,TRUE,TRUE,2,TRUE,Podemos validar espacios adicionales,Bogotá,adrenalina,outdoor,media,activo,(vide),tecnico,(vide),comprender
Campo de Práctica Golf Público Salitre,Práctica de golf en campo público urbano,aventura,golf,4.660777483,-74.08298514,60,solo,Bogotá,Cercana,https://images.pexels.com/photos/9207654/pexels-photo-9207654.jpeg,Seleccionamos este lugar por su carácter urbano y la posibilidad de practicar golf en un entorno amplio. Es un plan que acerca el deporte a un contexto cotidiano.,Práctica de golf en campo urbano para trabajar técnica en entorno amplio y accesible.,Uso de zona de práctica,Mayores de 8 años,deporte | concentración | práctica,suave,Depende de condiciones climáticas.,Ropa cómoda | Calzado deportivo,Actividad de práctica individual | Ritmo propio | Llegar con tiempo,TRUE,TRUE,TRUE,2,TRUE,Podemos ayudarte a revisar disponibilidad adicional,Bogotá,adrenalina,outdoor,media,activo,(vide),tecnico,(vide),comprender
Sky19golf,Sesión de golf en simulador con análisis digital,aventura,golf,4.675584255,-74.05298332,60,solo,Bogotá,Cercana,https://images.pexels.com/photos/9207654/pexels-photo-9207654.jpeg,Incluimos este simulador por la precisión tecnológica aplicada al entrenamiento. Es una manera diferente de trabajar el juego en un entorno controlado.,Practica tu juego en simulador de golf con apoyo tecnológico para trabajar precisión y técnica.,Uso de simulador,Análisis digital,Mayores de 8 años,técnica,concentración,deporte,suave,Actividad en entorno cubierto.,Ropa cómoda,Calzado deportivo,Enfocado en práctica técnica,Llegar puntual,TRUE,Bogotá,adrenalina,indoor,media,activo,(vide),tecnico,(vide),comprender
Club Militar de Golf,Sesión de golf en campo técnico arbolado,aventura,golf,4.940164229,-73.99526523,60,solo,Cundi Norte,Cercana,https://images.pexels.com/photos/9207654/pexels-photo-9207654.jpeg,Valoramos este campo por su trazado técnico y entorno arbolado. Representa el juego con enfoque en precisión.,Sesión de golf en campo técnico arbolado con enfoque en precisión y recorrido.,Acceso al campo,Sesión de juego,Mayores de 8 años,deporte,técnica,concentración,suave,Depende de condiciones climáticas.,Ropa cómoda,Calzado deportivo,Ritmo individual,Puntualidad requerida,TRUE,Bogotá,adrenalina,outdoor,media,activo,(vide),tecnico,(vide),comprender
La Pista Indoor Kart,Carrera de karting indoor en pista técnica,aventura,karting,4.806713438,-74.03596116,60,solo,Bogotá,Cercana,https://images.pexels.com/photos/14194446/pexels-photo-14194446.jpeg,Incluimos esta pista por su formato indoor y trazado técnico. Es una experiencia de conducción dinámica en espacio cerrado.,Carrera de karting indoor en pista técnica con enfoque en precisión de conducción.,Uso de kart,Sesión en pista,Mayores de 12 años,Buena movilidad,motor,técnica,velocidad,alto,Actividad en entorno cubierto.,Ropa cómoda,Calzado cerrado,Seguir indicaciones de seguridad,Puntualidad requerida,Bogotá,adrenalina,indoor,media,activo,(vide),tecnico,(vide),crear
Ride Pro,Entrenamiento de conducción en pista especializada,aventura,motorbike,4.617153995,-74.0898475,60,solo,Bogotá,Cercana,https://images.pexels.com/photos/15817066/pexels-photo-15817066.jpeg?_gl=1*lw420d*_ga*NDI2NDg4NDQzLjE3Njk2MDkxNzY.*_ga_8JE65Q40S6*czE3NzA4NTg1OTckbzckZzEkdDE3NzA4NjEzMjEkajE3JGwwJGgw,Incluimos esta experiencia por su enfoque técnico y el entorno controlado para trabajar habilidades de conducción. Es un plan que combina aprendizaje práctico y precisión en pista especializada.,Entrenamiento de conducción en pista especializada para trabajar técnica y control en entorno seguro.,Uso de pista | Sesión guiada,Saber conducir moto | Mayores de 18 años,aprendizaje | motor | técnica,alto,La actividad puede ajustarse según condiciones climáticas.,Ropa cómoda | Calzado cerrado,Actividad técnica | Puntualidad requerida | Atención a indicaciones,TRUE,TRUE,TRUE,1,TRUE,Cupos adicionales sujetos a validación,Bogotá,adrenalina,outdoor,media,activo,(vide),tecnico,(vide),crear
Capital Rider - Entrenamiento y Aventura,Entrenamiento en moto + circuito controlado,aventura,motorbike,5.066952707,-73.96250646,60,solo,Cundi Norte,Cercana,https://images.pexels.com/photos/15817066/pexels-photo-15817066.jpeg?_gl=1*lw420d*_ga*NDI2NDg4NDQzLjE3Njk2MDkxNzY.*_ga_8JE65Q40S6*czE3NzA4NTg1OTckbzckZzEkdDE3NzA4NjEzMjEkajE3JGwwJGgw,Seleccionamos este entrenamiento por el trabajo técnico en moto dentro de circuito controlado. Es un plan centrado en la práctica guiada.,Entrenamiento en moto en circuito controlado enfocado en técnica y control del vehículo.,Uso de pista,Sesión guiada,Saber conducir moto,Mayores de 18 años,motor,técnica,aprendizaje,alto,La actividad puede ajustarse según condiciones operativas.,Ropa cómoda,Calzado cerrado,Seguir indicaciones,Llegar puntual,Bogotá,adrenalina,outdoor,media,activo,(vide),tecnico,(vide),crear
"Gaia Scuba - Cursos De Buceo en Bogota, Colombia",Curso inicial de buceo en piscina climatizada,aventura,scuba,4.697151222,-74.0511043,60,solo,Bogotá,Cercana,https://www.pexels.com/fr-fr/photo/mer-homme-personne-individu-14496789/,Seleccionamos este curso por la base técnica para iniciarse en el buceo. Es una experiencia que introduce la disciplina desde un entorno controlado.,Curso inicial de buceo en piscina climatizada para familiarizarse con la técnica en entorno controlado.,Sesión en piscina,Introducción guiada,Saber nadar,Mayores de 10 años,aprendizaje,agua,técnica,medio,Actividad en entorno controlado.,Ropa de baño,Toalla,Seguir indicaciones del instructor,Llegar puntual,Bogotá,adrenalina,indoor,media,activo,(vide),tecnico,(vide),comprender
GRAVITY TUNNEL,Vuelo en túnel de viento con instructor experto,aventura,wind_tunnel,4.751478363,-74.04807786,60,solo,Bogotá,Cercana,https://cdn1.yumping.com.mx/emp/fotos/301/P/067938/640/p-67938-experiencia-del-tunel-del-viento_16137562293442.jpg,Seleccionamos esta experiencia por la sensación de vuelo en entorno controlado. Representa la aproximación al aire desde una perspectiva técnica.,Experiencia de vuelo en túnel de viento con instructor para simular sensación de caída libre.,Sesión en túnel,Acompañamiento,Mayores de 5 años,Buena movilidad,experiencia aérea,técnica,adrenalina,medio,Actividad en entorno controlado.,Ropa cómoda,Calzado cerrado,Seguir indicaciones del instructor,Llegar puntual,Bogotá,adrenalina,indoor,media,activo,(vide),tecnico,(vide),inmediato
Mitho Recovery Spa,Sesión de recuperación muscular con terapias,bienestar,spa,4.692111131,-74.04409676,60,duo,Bogotá,Cercana,https://images.pexels.com/photos/23916836/pexels-photo-23916836.png,Valoramos este espacio por su orientación a la recuperación muscular. Es un plan enfocado en el cuerpo después de la actividad física.,Sesión de recuperación muscular con terapias enfocadas en descanso corporal.,Sesión terapéutica,Espacio especializado,Mayores de 16 años,recuperación,bienestar,descanso,suave,Actividad en entorno interior.,Ropa cómoda,—,Seguir indicaciones,TRUE,TRUE,Bogotá,relax,indoor,media,activo,(vide),tecnico,(vide),comprender
EN EL CIELO STUDIO,Sesión fotográfica creativa en estudio especializado,cultura,photoshoot,4.614096398,-74.06863663,60,solo,Bogotá,Cercana,https://images.pexels.com/photos/15340593/pexels-photo-15340593.jpeg,Seleccionamos esta sesión por el enfoque creativo dentro de un estudio preparado para la imagen. Representa la fotografía como espacio de exploración visual guiada.,Sesión fotográfica creativa en estudio especializado para explorar expresión visual.,Sesión fotográfica,Uso de estudio,Mayores de 10 años,creatividad,recuerdo,arte,suave,Actividad en entorno interior.,Ropa cómoda,Vestuario sugerido,Seguir indicaciones del fotógrafo,TRUE,TRUE,Bogotá,cultural,indoor,media,activo,(vide),tecnico,(vide),crear
John Vargas Fotografia,Sesión fotográfica profesional con enfoque artístico,cultura,photoshoot,4.635492034,-74.06776494,60,solo,Bogotá,Cercana,https://images.pexels.com/photos/15340593/pexels-photo-15340593.jpeg,Valoramos esta sesión por su mirada artística aplicada al retrato. Es una experiencia donde la fotografía se trabaja como expresión personal.,Sesión fotográfica profesional con enfoque artístico para capturar imágenes personalizadas.,Sesión fotográfica,Dirección artística,Mayores de 10 años,recuerdo,creatividad,arte,suave,Actividad en entorno interior.,Ropa cómoda,Vestuario sugerido,Seguir indicaciones del fotógrafo,TRUE,TRUE,Bogotá,social,indoor,media,activo,(vide),tecnico,(vide),crear
La López Fotografía,Sesión fotográfica profesional en estudio,cultura,photoshoot,4.642329567,-74.09049964,60,solo,Bogotá,Cercana,https://images.pexels.com/photos/15340593/pexels-photo-15340593.jpeg,Incluimos esta sesión por el trabajo profesional en entorno de estudio. Representa la fotografía como proceso cuidado de imagen.,Sesión fotográfica profesional en estudio para crear retratos personalizados.,Sesión fotográfica,Uso de estudio,Mayores de 10 años,recuerdo,creatividad,arte,suave,Actividad en entorno interior.,Ropa cómoda,Vestuario sugerido,Seguir indicaciones,TRUE,TRUE,Bogotá,social,indoor,media,activo,(vide),tecnico,(vide),crear
Fotógrafo Profesional Bogotá - Fabian Medina,Sesión fotográfica profesional en locación urbana,cultura,photoshoot,4.654161282,-74.05437161,60,solo,Bogotá,Cercana,https://images.pexels.com/photos/15340593/pexels-photo-15340593.jpeg,Valoramos esta sesión por el trabajo fotográfico en locaciones urbanas. Es un plan donde la ciudad hace parte activa de la imagen.,Sesión fotográfica profesional en locación urbana con enfoque creativo.,Sesión fotográfica,Dirección profesional,Mayores de 10 años,recuerdo,creatividad,arte,suave,Actividad en entorno exterior.,Ropa cómoda,Vestuario sugerido,Llegar puntual,TRUE,TRUE,Bogotá,social,outdoor,media,activo,(vide),tecnico,(vide),crear
CASTEL MAGAZINE MODELS,Sesión fotográfica editorial con dirección profesional,cultura,photoshoot,4.669806372,-74.06078049,60,solo,Bogotá,Cercana,https://images.pexels.com/photos/15340593/pexels-photo-15340593.jpeg,Seleccionamos esta sesión por la dirección editorial aplicada a la fotografía. Representa el retrato desde una mirada de estilo y composición.,Sesión fotográfica editorial con dirección profesional en entorno creativo.,Sesión fotográfica,Dirección artística,Mayores de 12 años,creatividad,arte,recuerdo,suave,Actividad en entorno interior.,Ropa cómoda,Vestuario sugerido,Seguir indicaciones,TRUE,TRUE,Bogotá,social,indoor,media,activo,(vide),tecnico,(vide),crear
Arte y pasión Café: Escuela de baristas,Taller de barismo y preparación de café,gastro,coffee_tasting,4.59834263,-74.07746694,60,duo,Bogotá,Cercana,https://images.pexels.com/photos/11215766/pexels-photo-11215766.jpeg,Elegimos este taller por la práctica directa de técnicas de barismo. Es una experiencia que acerca el café desde el hacer.,Taller de barismo para aprender preparación de café de especialidad.,Taller guiado,Materiales básicos,Mayores de 12 años,aprendizaje,gastronomía,experiencia,suave,Actividad en entorno interior.,Ropa cómoda,—,Participación activa,TRUE,TRUE,Bogotá,social,indoor,media,activo,(vide),tecnico,(vide),comprender
Bogota Bungee Jumping poligono,Salto en bungee desde estructura certificada,aventura,bungee,4.717075639,-74.21213165,60,solo,Cundi Occidente,Cercana,https://images.pexels.com/photos/1486036/pexels-photo-1486036.jpeg,Seleccionamos este salto por la estructura preparada para la actividad. Representa la experiencia de caída controlada en entorno específico.,Vive un salto en bungee desde estructura preparada para una experiencia de caída controlada.,Salto bungee,Equipo de seguridad,Mayores de 18 años,Buena condición física,adrenalina,reto,experiencia aérea,alto,La realización depende de condiciones climáticas y puede ajustarse según indicación del operador.,Ropa cómoda,Calzado cerrado,Seguir indicaciones de seguridad,Puntualidad requerida,Bogotá,adrenalina,outdoor,media,sacudido,(vide),(vide),emocional,inmediato
Ferrari Bogotá,Conducción de auto deportivo de alta gama,aventura,driving_track,4.68877874,-74.05134475,60,solo,Bogotá,Cercana,https://images.pexels.com/photos/27677091/pexels-photo-27677091.jpeg,Incluimos esta conducción por el enfoque en el vehículo deportivo como protagonista. Es una experiencia centrada en la máquina y el control en contexto guiado.,Conduce un auto deportivo en entorno guiado enfocado en control y experiencia de manejo.,Conducción guiada,Uso de pista,Licencia de conducción vigente,Mayores de 18 años,motor,experiencia,alto,La actividad puede ajustarse según condiciones operativas.,Ropa cómoda,Calzado cerrado,Actividad técnica,Seguir indicaciones,TRUE,Bogotá,adrenalina,indoor,media,sacudido,(vide),(vide),emocional,inmediato
Rent 4 Racing ,Conducción de auto deportivo en pista cerrada,aventura,driving_track,4.807611097,-74.03956988,60,solo,Bogotá,Cercana,https://images.pexels.com/photos/27677091/pexels-photo-27677091.jpeg,Valoramos esta experiencia por la conducción en pista cerrada con enfoque deportivo. Es un plan centrado en el manejo del vehículo.,Conduce un auto deportivo en pista cerrada con enfoque en experiencia de manejo controlado.,Uso de pista,Conducción guiada,Licencia de conducción vigente,Mayores de 18 años,motor,experiencia,técnica,alto,Actividad sujeta a condiciones operativas.,Ropa cómoda,Calzado cerrado,Seguir indicaciones,Llegar puntual,Bogotá,adrenalina,indoor,media,sacudido,(vide),(vide),emocional,inmediato
Aeroclub de Colombia,Vuelo de iniciación en avión con instructor,aventura,flight_plane,4.812371211,-74.05511069,60,solo,Bogotá,Cercana,https://images.pexels.com/photos/18943828/pexels-photo-18943828.jpeg,Seleccionamos este vuelo por la introducción a la aviación con acompañamiento. Representa el acercamiento inicial al vuelo en avión.,Vuelo de iniciación en avión con instructor para conocer la experiencia aérea desde cabina.,Vuelo con instructor,Introducción guiada,Mayores de 12 años,Buena movilidad,experiencia aérea,aprendizaje,paisaje,alto,La realización depende de condiciones climáticas y puede ajustarse según indicación del operador.,Ropa cómoda,Calzado cerrado,Seguir indicaciones del instructor,Puntualidad requerida,Bogotá,adrenalina,indoor,media,sacudido,(vide),(vide),emocional,duradero
Parapente Con Kato,Vuelo tándem en parapente sobre montaña,aventura,paragliding,4.719791198,-73.96912415,60,solo,Cundi Norte,Cercana,https://images.pexels.com/photos/33412090/pexels-photo-33412090.jpeg,Incluimos este vuelo por el despegue en entorno de montaña. Representa el parapente en su formato panorámico guiado.,Vuelo tándem en parapente sobre montaña con guía para una experiencia aérea panorámica.,Vuelo tándem,Acompañamiento,Mayores de 12 años,Buena movilidad,paisaje,altura,experiencia aérea,alto,La realización depende de condiciones climáticas y puede ajustarse según indicación del operador.,Ropa cómoda,Calzado cerrado,Seguir indicaciones del piloto,Puntualidad requerida,Bogotá,adrenalina,outdoor,media,sacudido,(vide),(vide),emocional,inmediato
Parapente Andinos La Calera,Vuelo tándem en parapente en La Calera,aventura,paragliding,4.730584829,-73.95477707,60,solo,Cundi Norte,Cercana,https://images.pexels.com/photos/33412090/pexels-photo-33412090.jpeg,Elegimos este vuelo por su ubicación y las vistas del entorno andino. Es una experiencia aérea enfocada en el paisaje.,Vuelo tándem en parapente desde La Calera para observar el entorno andino desde el aire.,Vuelo tándem,Acompañamiento,Mayores de 12 años,Buena movilidad,paisaje,naturaleza,experiencia aérea,alto,La realización depende de condiciones climáticas y puede ajustarse según indicación del operador.,Ropa cómoda,Calzado cerrado,Seguir indicaciones,Llegar puntual,Bogotá,adrenalina,outdoor,media,sacudido,(vide),(vide),emocional,inmediato
Parapente Bogota DC,Vuelo tándem en parapente sobre Bogotá,aventura,paragliding,4.865591582,-74.04997379,60,solo,Cundi Norte,Cercana,https://images.pexels.com/photos/33412090/pexels-photo-33412090.jpeg,Seleccionamos este vuelo por la vista amplia sobre la ciudad. Es una experiencia aérea desde un entorno cercano a Bogotá.,Vuelo tándem en parapente sobre Bogotá para observar la ciudad desde el aire con acompañamiento.,Vuelo tándem,Acompañamiento,Mayores de 12 años,Buena movilidad,paisaje,experiencia aérea,adrenalina,alto,La realización depende de condiciones climáticas y puede ajustarse según indicación del operador.,Ropa cómoda,Calzado cerrado,Seguir indicaciones del piloto,Llegar puntual,Bogotá,adrenalina,outdoor,media,sacudido,(vide),(vide),emocional,inmediato
Tocando El Cielo,Vuelo panorámico en parapente en zona alta,aventura,paragliding,4.923288321,-73.90469363,60,solo,Cundi Oriente,Cercana,https://images.pexels.com/photos/33412090/pexels-photo-33412090.jpeg,Seleccionamos este vuelo por la altura y el entorno abierto. Es un plan donde el paisaje se observa desde perspectiva elevada.,Vuelo panorámico en parapente en zona alta para disfrutar perspectiva elevada del paisaje.,Vuelo tándem,Acompañamiento,Mayores de 12 años,Buena movilidad,paisaje,experiencia aérea,adrenalina,alto,La realización depende de condiciones climáticas y puede ajustarse según indicación del operador.,Ropa cómoda,Calzado cerrado,Seguir indicaciones,Llegar puntual,Bogotá,adrenalina,outdoor,media,sacudido,(vide),(vide),emocional,duradero
Parapente La Pradera,Vuelo tándem en parapente sobre valle,aventura,paragliding,4.923749697,-73.90481395,60,solo,Cundi Oriente,Cercana,https://images.pexels.com/photos/33412090/pexels-photo-33412090.jpeg,Elegimos este vuelo por el entorno de valle y la vista amplia. Representa el parapente como experiencia panorámica.,Vuelo tándem en parapente sobre valle con acompañamiento para experiencia aérea panorámica.,Vuelo tándem,Acompañamiento,Mayores de 12 años,Buena movilidad,paisaje,naturaleza,experiencia aérea,alto,La realización depende de condiciones climáticas y puede ajustarse según indicación del operador.,Ropa cómoda,Calzado cerrado,Seguir indicaciones del piloto,Puntualidad requerida,Bogotá,adrenalina,outdoor,media,sacudido,(vide),(vide),emocional,inmediato
Parapente el dorado,Vuelo panorámico en parapente de altura,aventura,paragliding,4.932588025,-73.90294191,60,solo,Cundi Norte,Cercana,https://images.pexels.com/photos/33412090/pexels-photo-33412090.jpeg,Incluimos este vuelo por el despegue en zona alta. Es una experiencia enfocada en la observación del paisaje desde el aire.,Vuelo panorámico en parapente desde zona de altura para observar paisaje desde el aire.,Vuelo tándem,Acompañamiento,Mayores de 12 años,Buena movilidad,paisaje,altura,experiencia aérea,alto,La realización depende de condiciones climáticas y puede ajustarse según indicación del operador.,Ropa cómoda,Calzado cerrado,Seguir indicaciones,Llegar puntual,Bogotá,adrenalina,outdoor,media,sacudido,(vide),(vide),emocional,duradero
Parapente Guatavita Sitio de Vuelo,Vuelo tándem en parapente sobre Guatavita,aventura,paragliding,4.93462007,-73.83455572,60,solo,Cundi Oriente,Cercana,https://images.pexels.com/photos/33412090/pexels-photo-33412090.jpeg,Valoramos este vuelo por la vista hacia Guatavita. Representa el parapente en un entorno natural reconocido.,Vuelo tándem en parapente sobre Guatavita para disfrutar vista natural desde el aire.,Vuelo tándem,Acompañamiento,Mayores de 12 años,Buena movilidad,paisaje,naturaleza,experiencia aérea,alto,La realización depende de condiciones climáticas y puede ajustarse según indicación del operador.,Ropa cómoda,Calzado cerrado,Seguir indicaciones del piloto,Puntualidad requerida,Bogotá,adrenalina,outdoor,media,sacudido,(vide),(vide),emocional,duradero
Vive y Vuela Colombia Guatavita,Vuelo panorámico en parapente con instructor,aventura,paragliding,4.934795838,-73.90181981,60,solo,Cundi Oriente,Cercana,https://images.pexels.com/photos/33412090/pexels-photo-33412090.jpeg,Seleccionamos este vuelo por la combinación de guía y paisaje abierto. Es un plan aéreo con enfoque panorámico.,Vuelo panorámico en parapente con instructor para experimentar la sensación aérea en entorno natural.,Vuelo tándem,Acompañamiento,Mayores de 12 años,Buena movilidad,paisaje,experiencia aérea,adrenalina,alto,La realización depende de condiciones climáticas y puede ajustarse según indicación del operador.,Ropa cómoda,Calzado cerrado,Seguir indicaciones,Llegar puntual,Bogotá,adrenalina,outdoor,media,sacudido,(vide),(vide),emocional,duradero
Aeroclub Bogotá Skydive,Salto en paracaídas tándem con vista aérea,aventura,skydiving,4.664368523,-74.06759104,60,solo,Bogotá,Cercana,https://images.pexels.com/photos/34649107/pexels-photo-34649107.jpeg,Elegimos este salto por la estructura que permite vivir el paracaidismo de forma acompañada. Representa la experiencia aérea desde una perspectiva clara y directa.,Vive la experiencia de un salto en paracaídas tándem con acompañamiento profesional y vista panorámica desde el aire.,Salto tándem,Acompañamiento,Mayores de 18 años,Buena condición física,aventura,adrenalina,experiencia aérea,alto,La realización depende de condiciones climáticas y puede ajustarse según indicación del operador.,Ropa cómoda,Calzado cerrado,Seguir indicaciones del instructor,Llegar puntual,Bogotá,adrenalina,outdoor,media,sacudido,(vide),(vide),emocional,inmediato
Elcielo Restaurant Bogotá,Cena de alta cocina con menú degustación,gastro,dining,4.65146506,-74.05464756,60,duo,Bogotá,Cercana,https://images.pexels.com/photos/10557030/pexels-photo-10557030.jpeg,Elegimos esta cena por su formato de menú degustación de alta cocina. Representa una experiencia guiada plato a plato.,Cena de alta cocina con menú degustación en experiencia gastronómica guiada.,Cena guiada,Bebidas incluidas,Mayores de 12 años,gastronomía,descubrimiento,experiencia,suave,Actividad en entorno interior.,Ropa cómoda,—,Puntualidad requerida,TRUE,TRUE,Bogotá,romántico,indoor,media,sacudido,(vide),(vide),emocional,duradero
Con Contraseña,Cena secreta de autor con menú sorpresa,gastro,dining,4.692960509,-74.04507101,60,duo,Bogotá,Cercana,https://images.pexels.com/photos/35452281/pexels-photo-35452281.jpeg,Incluimos esta cena por su formato de menú sorpresa de autor. Representa la experiencia gastronómica como recorrido guiado.,Cena secreta de autor con menú sorpresa en experiencia gastronómica guiada.,Cena guiada,Menú degustación,Mayores de 12 años,gastronomía,descubrimiento,experiencia,suave,Actividad en entorno interior.,Ropa cómoda,—,Puntualidad requerida,TRUE,TRUE,Bogotá,romántico,indoor,media,sacudido,(vide),(vide),emocional,duradero
Pueblo Loco Track Paragliding | Cuatrimotos | ATV’s ,Ruta en cuatrimoto por circuito de aventura,aventura,buggy,4.73072537,-73.95476314,60,solo,Cundi Norte,Cercana,https://images.pexels.com/photos/31234079/pexels-photo-31234079.jpeg,Seleccionamos esta ruta por el recorrido en cuatrimoto sobre circuito natural. Es un plan dinámico en terreno abierto.,Ruta en cuatrimoto por circuito de aventura en terreno natural con conducción guiada.,Uso de cuatrimoto,Recorrido guiado,Mayores de 18 años,Saber conducir,motor,aventura,terreno abierto,alto,La actividad puede ajustarse según condiciones climáticas.,Ropa cómoda,Calzado cerrado,Actividad al aire libre,Seguir indicaciones,Bogotá,adrenalina,outdoor,media,sacudido,(vide),(vide),sensorial,inmediato
Buggy Racing 4x4,Conducción de buggy 4x4 en pista todoterreno,aventura,buggy,4.838556633,-74.13368626,60,solo,Cundi Norte,Cercana,https://images.pexels.com/photos/31234079/pexels-photo-31234079.jpeg,Incluimos esta experiencia por el recorrido en terreno irregular. Representa la conducción todoterreno en circuito preparado.,Conducción de buggy 4x4 en pista todoterreno para experimentar manejo en terreno irregular.,Uso de buggy,Recorrido en pista,Mayores de 18 años,Buena movilidad,motor,aventura,terreno irregular,alto,La actividad puede ajustarse según condiciones climáticas.,Ropa cómoda,Calzado cerrado,Seguir indicaciones de seguridad,Puntualidad requerida,Bogotá,adrenalina,outdoor,media,sacudido,(vide),(vide),sensorial,inmediato
SuperKarts 20,Carrera de karts de alto rendimiento en pista,aventura,karting,4.663962119,-74.13025633,60,solo,Bogotá,Cercana,https://images.pexels.com/photos/14194446/pexels-photo-14194446.jpeg,Incluimos esta pista por el ritmo que propone y el enfoque en la conducción deportiva. Es un plan dinámico donde la técnica y la trazada toman protagonismo.,Carrera de karts en pista diseñada para trabajar control y técnica de conducción deportiva.,Uso de pista | Sesión de conducción,Mayores de 14 años,velocidad | técnica | experiencia dinámica,alto,Actividad sujeta a condiciones operativas y climáticas.,Ropa cómoda | Calzado cerrado,Actividad de conducción | Uso de casco | Llegar con anticipación,TRUE,TRUE,TRUE,1,TRUE,Podemos revisar disponibilidad de cupos adicionales,Bogotá,adrenalina,indoor,media,sacudido,(vide),(vide),sensorial,inmediato
SuperKarts 165,Carrera de karts de alto rendimiento en pista,aventura,karting,4.76189782,-74.04591477,60,solo,Bogotá,Cercana,https://images.pexels.com/photos/14194446/pexels-photo-14194446.jpeg,Nos gusta esta pista por su enfoque en la conducción y el ritmo de carrera. Es un plan centrado en la precisión y el control.,Carrera de karts de alto rendimiento en pista para trabajar control y trazada.,Uso de kart,Sesión en pista,Mayores de 14 años,Buena movilidad,motor,velocidad,técnica,alto,Actividad sujeta a condiciones operativas.,Ropa cómoda,Calzado cerrado,Seguir normas de pista,Puntualidad requerida,Bogotá,adrenalina,indoor,media,sacudido,(vide),(vide),sensorial,inmediato
Parapenteando,Vuelo panorámico en parapente sobre paisaje,aventura,paragliding,4.719149574,-73.96792274,60,solo,Cundi Norte,Cercana,https://images.pexels.com/photos/33412090/pexels-photo-33412090.jpeg,Nos gusta este vuelo por la perspectiva amplia del paisaje. Es un plan que pone el foco en la vista y la sensación de altura.,Vuelo panorámico en parapente con acompañamiento para disfrutar el paisaje desde el aire.,Vuelo tándem,Acompañamiento,Mayores de 12 años,Buena movilidad,paisaje,experiencia aérea,adrenalina,alto,La realización depende de condiciones climáticas y puede ajustarse según indicación del operador.,Ropa cómoda,Calzado cerrado,Seguir indicaciones del piloto,Llegar puntual,Bogotá,adrenalina,outdoor,media,sacudido,(vide),(vide),sensorial,inmediato
High Wind Parapente - Bogotá Sopó Guatavita Tocancipá,Vuelo tándem en parapente en zona montañosa,aventura,paragliding,4.923172344,-73.9047819,60,solo,Cundi Oriente,Cercana,https://images.pexels.com/photos/33412090/pexels-photo-33412090.jpeg,Valoramos este vuelo por la ubicación en zona montañosa. Representa la experiencia aérea en paisaje andino.,Vuelo tándem en parapente en zona montañosa con vista panorámica de entorno andino.,Vuelo tándem,Acompañamiento,Mayores de 12 años,Buena movilidad,paisaje,altura,experiencia aérea,alto,La realización depende de condiciones climáticas y puede ajustarse según indicación del operador.,Ropa cómoda,Calzado cerrado,Seguir indicaciones del piloto,Puntualidad requerida,Bogotá,adrenalina,outdoor,media,sacudido,(vide),(vide),sensorial,inmediato
Parapente Bogotá EcoadventourX,Vuelo tándem en parapente sobre paisaje andino,aventura,paragliding,4.934841161,-73.90184115,60,solo,Cundi Norte,Cercana,https://images.pexels.com/photos/33412090/pexels-photo-33412090.jpeg,Elegimos este vuelo por el entorno andino y la vista amplia. Representa el parapente en paisaje de montaña.,Vuelo tándem en parapente sobre paisaje andino con acompañamiento guiado.,Vuelo tándem,Acompañamiento,Mayores de 12 años,Buena movilidad,paisaje,naturaleza,experiencia aérea,alto,La realización depende de condiciones climáticas y puede ajustarse según indicación del operador.,Ropa cómoda,Calzado cerrado,Seguir indicaciones del piloto,Puntualidad requerida,Bogotá,adrenalina,outdoor,media,sacudido,(vide),(vide),sensorial,inmediato
Ice Bath Bogota - Bajo Cero Wellness,Inmersión guiada en baño de hielo controlado,bienestar,ice_bath,4.701016898,-74.04398273,60,duo,Bogotá,Cercana,https://images.pexels.com/photos/4592996/pexels-photo-4592996.jpeg,Seleccionamos esta inmersión por el uso controlado del frío como estímulo corporal. Representa una práctica de bienestar desde la exposición térmica.,Inmersión guiada en baño de hielo controlado para activación corporal.,Sesión guiada,Espacio de contraste frío,Mayores de 18 años,recuperación,reto,bienestar,medio,Actividad en entorno interior.,Ropa cómoda,Hidratación previa,Seguir indicaciones,TRUE,TRUE,Bogotá,relax,indoor,media,sacudido,(vide),(vide),sensorial,inmediato
Cryo4life,Sesión de crioterapia corporal localizada,bienestar,ice_bath,4.703451998,-74.02904091,60,duo,Bogotá,Cercana,https://images.pexels.com/photos/4592996/pexels-photo-4592996.jpeg,Seleccionamos esta crioterapia por su aplicación localizada con tecnología. Es una experiencia que trabaja el cuerpo desde el frío controlado.,Sesión de crioterapia corporal localizada para recuperación y activación.,Sesión de crioterapia,Espacio especializado,Mayores de 18 años,recuperación,bienestar,tecnología,medio,Actividad en entorno interior.,Ropa cómoda,Seguir indicaciones,TRUE,TRUE,TRUE,Bogotá,relax,indoor,media,sacudido,(vide),(vide),sensorial,inmediato
Cryo Studio Bogotá,Crioterapia corporal en cámara especializada,bienestar,ice_bath,4.712020766,-74.03204541,60,duo,Bogotá,Cercana,https://images.pexels.com/photos/4592996/pexels-photo-4592996.jpeg,Incluimos esta sesión por el uso de cámara especializada para crioterapia. Representa una práctica corporal basada en estímulos de baja temperatura.,Crioterapia corporal en cámara especializada para estimulación térmica controlada.,Sesión de crioterapia,Uso de cámara,Mayores de 18 años,recuperación,bienestar,tecnología,medio,Actividad en entorno interior.,Ropa cómoda,Seguir indicaciones,TRUE,TRUE,TRUE,Bogotá,relax,indoor,media,sacudido,(vide),(vide),sensorial,inmediato
Nordico,Sesión de contraste frío-calor estilo nórdico,bienestar,spa,4.672038301,-74.05451636,60,duo,Bogotá,Cercana,https://images.pexels.com/photos/23916836/pexels-photo-23916836.png,Incluimos esta experiencia por el contraste entre frío y calor como eje principal. Representa una práctica corporal basada en estímulos térmicos.,Sesión de contraste frío-calor inspirada en rituales nórdicos para activación corporal.,Sesión guiada,Espacio de contraste térmico,Mayores de 16 años,recuperación,bienestar,experiencia sensorial,medio,Actividad en entorno interior.,Ropa cómoda,Hidratación previa,Seguir indicaciones,TRUE,TRUE,Bogotá,relax,indoor,media,sacudido,(vide),(vide),sensorial,inmediato
Gravedad Cero Centro de Flotación,Sesión de flotación en tanque de aislamiento,bienestar,spa,4.718424398,-74.04636756,60,duo,Bogotá,Cercana,https://images.pexels.com/photos/23916836/pexels-photo-23916836.png,Valoramos esta flotación por el aislamiento sensorial que propone. Representa una experiencia donde el entorno reduce estímulos externos.,Sesión de flotación en tanque de aislamiento para favorecer relajación profunda.,Sesión de flotación,Espacio especializado,Mayores de 16 años,descanso,bienestar,desconexión,suave,Actividad en entorno interior.,Ropa cómoda,Ducharse previamente,Seguir indicaciones,TRUE,TRUE,Bogotá,relax,indoor,media,sacudido,(vide),(vide),sensorial,inmediato
Makuira Beer Spa,Ritual de cerveza + masaje de relajación,bienestar,spa,4.722498506,-74.04215366,60,duo,Bogotá,Cercana,https://images.pexels.com/photos/23916836/pexels-photo-23916836.png,Seleccionamos este ritual por integrar ingredientes asociados a la cerveza dentro del spa. Es una propuesta distinta dentro del cuidado corporal.,Ritual de cerveza combinado con masaje de relajación en entorno de spa temático.,Ritual de cerveza,Sesión de masaje,Mayores de 18 años,relajación,experiencia,bienestar,suave,Actividad en entorno interior.,Ropa cómoda,—,Llegar puntual,TRUE,TRUE,Bogotá,relax,indoor,media,sacudido,(vide),(vide),sensorial,inmediato
Zen Float Studio - Centro de Flotación,Sesión de flotación profunda en tanque sensorial,bienestar,spa,4.888510042,-74.03446571,60,duo,Cundi Norte,Cercana,https://images.pexels.com/photos/23916836/pexels-photo-23916836.png,Seleccionamos esta flotación por la experiencia de ingravidez en tanque sensorial. Es un plan orientado a la desconexión de estímulos externos.,Sesión de flotación profunda en tanque sensorial para promover desconexión y descanso mental.,Sesión de flotación,Uso de tanque sensorial,Mayores de 16 años,descanso,bienestar,desconexión,suave,Actividad en entorno interior.,Ropa cómoda,Ducharse previamente,Seguir indicaciones,TRUE,TRUE,Bogotá,relax,indoor,media,sacudido,(vide),(vide),sensorial,inmediato
Salvaje Bogotá,Cena de cocina fusión asiática en ambiente moderno,gastro,dining,4.665791127,-74.05061925,60,duo,Bogotá,Cercana,https://images.pexels.com/photos/10557030/pexels-photo-10557030.jpeg,Elegimos esta cena por su fusión asiática en un ambiente contemporáneo. Representa una cocina que mezcla tradición y modernidad.,Cena de cocina fusión asiática en ambiente moderno y social.,Cena,Espacio restaurante,Mayores de 12 años,gastronomía,encuentro,experiencia,suave,Actividad en entorno interior.,Ropa cómoda,—,Puntualidad requerida,TRUE,TRUE,Bogotá,romántico,indoor,media,sacudido,(vide),(vide),sensorial,inmediato
Sombras | Experiencia Degustación Multisensorial,Menú degustación multisensorial en sala,gastro,dining,4.696795158,-74.03097342,60,duo,Bogotá,Cercana,https://images.pexels.com/photos/35452281/pexels-photo-35452281.jpeg,Elegimos este menú por su enfoque multisensorial en sala. Es un plan donde distintos estímulos acompañan la comida.,Menú degustación multisensorial en sala con experiencia gastronómica guiada.,Menú degustación,Bebida incluida,Mayores de 12 años,gastronomía,experiencia,descubrimiento,suave,Actividad en entorno interior.,Ropa cómoda,—,Llegar puntual,TRUE,TRUE,Bogotá,romántico,indoor,media,sacudido,(vide),(vide),sensorial,duradero
Frenesssi | Experiencia Degustación Multisensorial,Menú degustación multisensorial guiado,gastro,dining,4.698481349,-74.05467888,60,duo,Bogotá,Cercana,https://images.pexels.com/photos/35452281/pexels-photo-35452281.jpeg,Incluimos este menú por su formato de degustación multisensorial guiada. Representa la comida como experiencia escénica.,Menú degustación multisensorial guiado con enfoque en experiencia gastronómica.,Menú degustación,Bebida incluida,Mayores de 12 años,gastronomía,experiencia,descubrimiento,suave,Actividad en entorno interior.,Ropa cómoda,—,Puntualidad requerida,TRUE,TRUE,Bogotá,romántico,indoor,media,sacudido,(vide),(vide),sensorial,duradero
,,,,,,,,,,,,,,,,,,,,,,,,,,,,,,,,,,
,,,,,,,,,,,,,,,,,,,,,,,,,,,,,,,,,,
,,,,,,,,,,,,,,,,,,,,,,,,,,,,,,,,,,
,,,,,,,,,,,,,,,,,,,,,,,,,,,,,,,,,,
,,,,,,,,,,,,,,,,,,,,,,,,,,,,,,,,,,
,,,,,,,,,,,,,,,,,,,,,,,,,,,,,,,,,,
,,,,,,,,,,,,,,,,,,,,,,,,,,,,,,,,,,
,,,,,,,,,,,,,,,,,,,,,,,,,,,,,,,,,,
,,,,,,,,,,,,,,,,,,,,,,,,,,,,,,,,,,
,,,,,,,,,,,,,,,,,,,,,,,,,,,,,,,,,,
,,,,,,,,,,,,,,,,,,,,,,,,,,,,,,,,,,
,,,,,,,,,,,,,,,,,,,,,,,,,,,,,,,,,,
,,,,,,,,,,,,,,,,,,,,,,,,,,,,,,,,,,
,,,,,,,,,,,,,,,,,,,,,,,,,,,,,,,,,,
,,,,,,,,,,,,,,,,,,,,,,,,,,,,,,,,,,
,,,,,,,,,,,,,,,,,,,,,,,,,,,,,,,,,,
,,,,,,,,,,,,,,,,,,,,,,,,,,,,,,,,,,
,,,,,,,,,,,,,,,,,,,,,,,,,,,,,,,,,,
,,,,,,,,,,,,,,,,,,,,,,,,,,,,,,,,,,
,,,,,,,,,,,,,,,,,,,,,,,,,,,,,,,,,,
The Jury Experience,,,,,,,,,,,,,,,,,,,,,,,,,,,,,,,,,,